-- SQL Script to insert all universities, faculties, institutes, and specialties
-- Generated from src/data/universityFaculties.ts
-- Using ON CONFLICT clauses for idempotent inserts

-- =====================================================
-- UNIVERSITIES
-- =====================================================

INSERT INTO universities (id, name, short_name, created_at, updated_at) VALUES
('bsu', 'Белорусский государственный университет', 'БГУ', NOW(), NOW()),
('bsuir', 'Белорусский государственный университет информатики и радиоэлектроники', 'БГУИР', NOW(), NOW()),
('bntu', 'Белорусский национальный технический университет', 'БНТУ', NOW(), NOW()),
('bseu', 'Белорусский государственный экономический университет', 'БГЭУ', NOW(), NOW()),
('bsmu', 'Белорусский государственный медицинский университет', 'БГМУ', NOW(), NOW()),
('bspu', 'Белорусский государственный педагогический университет', 'БГПУ', NOW(), NOW()),
('grsu', 'Гродненский государственный университет имени Янки Купалы', 'ГрГУ', NOW(), NOW()),
('vsu', 'Витебский государственный университет имени П.М. Машерова', 'ВГУ', NOW(), NOW()),
('pgu', 'Полоцкий государственный университет', 'ПГУ', NOW(), NOW()),
('gstu', 'Гомельский государственный технический университет имени П.О. Сухого', 'ГГТУ', NOW(), NOW()),
('bsufl', 'Белорусский государственный университет иностранных языков', 'БГУИЯ', NOW(), NOW()),
('au', 'Академия управления при Президенте Республики Беларусь', 'Академия управления', NOW(), NOW()),
('amvd', 'Академия Министерства внутренних дел Республики Беларусь', 'Академия МВД', NOW(), NOW()),
('brsu', 'Брестский государственный университет имени А.С. Пушкина', 'БрГУ', NOW(), NOW()),
('bsaa', 'Белорусская государственная академия авиации', 'БГАА', NOW(), NOW()),
('bsuca', 'Белорусский государственный университет культуры и искусств', 'БГУКИ', NOW(), NOW()),
('bsups', 'Белорусский государственный университет физической культуры', 'БГУФК', NOW(), NOW())
ON CONFLICT (id) DO UPDATE SET
  name = EXCLUDED.name,
  short_name = EXCLUDED.short_name,
  updated_at = NOW();

-- =====================================================
-- FACULTIES - БГУ
-- =====================================================

INSERT INTO faculties (id, university_id, name, code, created_at, updated_at) VALUES
('bsu-1', 'bsu', 'Факультет прикладной математики и информатики', 'ФПМИ', NOW(), NOW()),
('bsu-2', 'bsu', 'Факультет радиофизики и компьютерных технологий', 'ФРКТ', NOW(), NOW()),
('bsu-3', 'bsu', 'Экономический факультет', 'ЭФ', NOW(), NOW()),
('bsu-4', 'bsu', 'Юридический факультет', 'ЮФ', NOW(), NOW()),
('bsu-5', 'bsu', 'Филологический факультет', 'ФилФ', NOW(), NOW()),
('bsu-6', 'bsu', 'Исторический факультет', 'ИстФ', NOW(), NOW()),
('bsu-7', 'bsu', 'Химический факультет', 'ХимФ', NOW(), NOW()),
('bsu-8', 'bsu', 'Физический факультет', 'ФизФ', NOW(), NOW()),
('bsu-9', 'bsu', 'Биологический факультет', 'БиоФ', NOW(), NOW()),
('bsu-10', 'bsu', 'Факультет международных отношений', 'ФМО', NOW(), NOW()),
('bsu-11', 'bsu', 'Факультет социокультурных коммуникаций', 'ФСК', NOW(), NOW()),
('bsu-12', 'bsu', 'Факультет журналистики', 'ФЖ', NOW(), NOW()),
('bsu-13', 'bsu', 'Факультет географии и геоинформатики', 'ФГиГ', NOW(), NOW()),
('bsu-14', 'bsu', 'Факультет философии и социальных наук', 'ФФиСН', NOW(), NOW()),
('bsu-15', 'bsu', 'Военный факультет', 'ВФ', NOW(), NOW()),
('bsu-16', 'bsu', 'Механико-математический факультет', 'ММФ', NOW(), NOW())
ON CONFLICT (id) DO UPDATE SET
  university_id = EXCLUDED.university_id,
  name = EXCLUDED.name,
  code = EXCLUDED.code,
  updated_at = NOW();

-- =====================================================
-- INSTITUTES - БГУ
-- =====================================================

INSERT INTO institutes (id, university_id, name, code, created_at, updated_at) VALUES
('bsu-i1', 'bsu', 'Институт бизнеса БГУ', 'ИБ', NOW(), NOW()),
('bsu-i2', 'bsu', 'Институт теологии имени святых Мефодия и Кирилла', 'ИТ', NOW(), NOW()),
('bsu-i3', 'bsu', 'Международный государственный экологический институт им. А.Д.Сахарова', 'МГЭИ', NOW(), NOW()),
('bsu-i4', 'bsu', 'Совместный институт БГУ и Даляньского политехнического университета', 'СИБД', NOW(), NOW())
ON CONFLICT (id) DO UPDATE SET
  university_id = EXCLUDED.university_id,
  name = EXCLUDED.name,
  code = EXCLUDED.code,
  updated_at = NOW();

-- =====================================================
-- SPECIALTIES - БГУ
-- =====================================================

INSERT INTO specialties (id, university_id, faculty_id, institute_id, name, code, created_at, updated_at) VALUES
('bsu-s1', 'bsu', 'bsu-1', NULL, 'Прикладная математика', '1-31 03 07', NOW(), NOW()),
('bsu-s2', 'bsu', 'bsu-1', NULL, 'Прикладная информатика', '1-31 03 08', NOW(), NOW()),
('bsu-s3', 'bsu', 'bsu-1', NULL, 'Информатика', '1-31 03 09', NOW(), NOW()),
('bsu-s4', 'bsu', 'bsu-1', NULL, 'Кибербезопасность', '1-31 03 10', NOW(), NOW()),
('bsu-s5', 'bsu', 'bsu-2', NULL, 'Радиофизика и информационные технологии', '1-31 03 01', NOW(), NOW()),
('bsu-s6', 'bsu', 'bsu-2', NULL, 'Кибербезопасность', '1-31 03 02', NOW(), NOW()),
('bsu-s7', 'bsu', 'bsu-2', NULL, 'Прикладная информатика', '1-31 03 03', NOW(), NOW()),
('bsu-s8', 'bsu', 'bsu-3', NULL, 'Международная экономика и торговля (с углубленным изучением китайского языка)', '1-25 01 01', NOW(), NOW()),
('bsu-s9', 'bsu', 'bsu-3', NULL, 'Государственный аудит', '1-25 01 02', NOW(), NOW()),
('bsu-s10', 'bsu', 'bsu-3', NULL, 'Менеджмент (Инновационный и Международный)', '1-25 01 03', NOW(), NOW()),
('bsu-s11', 'bsu', 'bsu-3', NULL, 'Финансы и кредит (Финансовые технологии и банковская экономика)', '1-25 01 04', NOW(), NOW()),
('bsu-s12', 'bsu', 'bsu-3', NULL, 'Экономика', '1-25 01 05', NOW(), NOW()),
('bsu-s13', 'bsu', 'bsu-3', NULL, 'Экономическая безопасность', '1-25 01 06', NOW(), NOW()),
('bsu-s14', 'bsu', 'bsu-3', NULL, 'Экономическая информатика', '1-25 01 07', NOW(), NOW()),
('bsu-s15', 'bsu', 'bsu-4', NULL, 'Экономическое право', '1-25 01 08', NOW(), NOW()),
('bsu-s16', 'bsu', 'bsu-4', NULL, 'Правоведение', '1-25 01 09', NOW(), NOW()),
('bsu-s17', 'bsu', 'bsu-4', NULL, 'Политология', '1-25 01 10', NOW(), NOW()),
('bsu-s18', 'bsu', 'bsu-5', NULL, 'Восточная филология', '1-21 01 01', NOW(), NOW()),
('bsu-s19', 'bsu', 'bsu-5', NULL, 'Романо-германская филология', '1-21 01 02', NOW(), NOW()),
('bsu-s20', 'bsu', 'bsu-5', NULL, 'Русская филология', '1-21 01 03', NOW(), NOW()),
('bsu-s21', 'bsu', 'bsu-5', NULL, 'Славянская филология', '1-21 01 04', NOW(), NOW()),
('bsu-s22', 'bsu', 'bsu-5', NULL, 'Белорусская филология', '1-21 01 05', NOW(), NOW()),
('bsu-s23', 'bsu', 'bsu-5', NULL, 'Классическая филология', '1-21 01 06', NOW(), NOW()),
('bsu-s24', 'bsu', 'bsu-6', NULL, 'История', '1-21 02 01', NOW(), NOW()),
('bsu-s25', 'bsu', 'bsu-6', NULL, 'Музейное дело и охрана историко-культурного наследия', '1-21 02 02', NOW(), NOW()),
('bsu-s26', 'bsu', 'bsu-6', NULL, 'Регионоведение', '1-21 02 03', NOW(), NOW()),
('bsu-s27', 'bsu', 'bsu-6', NULL, 'Архивное дело', '1-21 02 04', NOW(), NOW()),
('bsu-s28', 'bsu', 'bsu-6', NULL, 'Управление документами', '1-21 02 05', NOW(), NOW()),
('bsu-s29', 'bsu', 'bsu-7', NULL, 'Химия', '1-31 05 01', NOW(), NOW()),
('bsu-s30', 'bsu', 'bsu-7', NULL, 'Химия лекарственных соединений', '1-31 05 02', NOW(), NOW()),
('bsu-s31', 'bsu', 'bsu-7', NULL, 'Химия высоких энергий', '1-31 05 03', NOW(), NOW()),
('bsu-s32', 'bsu', 'bsu-7', NULL, 'Фундаментальная химия', '1-31 05 04', NOW(), NOW()),
('bsu-s33', 'bsu', 'bsu-7', NULL, 'Химия (научно-педагогическая деятельность)', '1-31 05 05', NOW(), NOW()),
('bsu-s34', 'bsu', 'bsu-8', NULL, 'Компьютерная физика', '1-31 04 01', NOW(), NOW()),
('bsu-s35', 'bsu', 'bsu-8', NULL, 'Прикладная физика', '1-31 04 02', NOW(), NOW()),
('bsu-s36', 'bsu', 'bsu-8', NULL, 'Фундаментальная физика', '1-31 04 03', NOW(), NOW()),
('bsu-s37', 'bsu', 'bsu-8', NULL, 'Ядерные физика и технологии', '1-31 04 04', NOW(), NOW()),
('bsu-s38', 'bsu', 'bsu-8', NULL, 'Физика', '1-31 04 05', NOW(), NOW()),
('bsu-s39', 'bsu', 'bsu-9', NULL, 'Биология', '1-31 01 01', NOW(), NOW()),
('bsu-s40', 'bsu', 'bsu-9', NULL, 'Биохимия', '1-31 01 02', NOW(), NOW()),
('bsu-s41', 'bsu', 'bsu-9', NULL, 'Микробиология', '1-31 01 03', NOW(), NOW()),
('bsu-s42', 'bsu', 'bsu-9', NULL, 'Биоинженерия и биоинформатика', '1-31 01 04', NOW(), NOW()),
('bsu-s43', 'bsu', 'bsu-9', NULL, 'Экология', '1-31 01 05', NOW(), NOW()),
('bsu-s44', 'bsu', 'bsu-9', NULL, 'Фундаментальная и прикладная биотехнология', '1-31 01 06', NOW(), NOW()),
('bsu-s45', 'bsu', 'bsu-9', NULL, 'Биотехнология', '1-31 01 07', NOW(), NOW()),
('bsu-s46', 'bsu', 'bsu-10', NULL, 'Международные отношения', '1-25 01 11', NOW(), NOW()),
('bsu-s47', 'bsu', 'bsu-10', NULL, 'Международное право', '1-25 01 12', NOW(), NOW()),
('bsu-s48', 'bsu', 'bsu-10', NULL, 'Таможенное дело', '1-25 01 13', NOW(), NOW()),
('bsu-s49', 'bsu', 'bsu-10', NULL, 'Экономическая дипломатия', '1-25 01 14', NOW(), NOW()),
('bsu-s50', 'bsu', 'bsu-11', NULL, 'Современные иностранные языки (с указанием языков)', '1-21 04 01', NOW(), NOW()),
('bsu-s51', 'bsu', 'bsu-11', NULL, 'Переводческое дело (с указанием языков)', '1-21 04 02', NOW(), NOW()),
('bsu-s52', 'bsu', 'bsu-11', NULL, 'Компьютерное моделирование и разработка веб-приложений', '1-21 04 03', NOW(), NOW()),
('bsu-s53', 'bsu', 'bsu-11', NULL, 'Дизайн предметно-пространственной среды', '1-21 04 04', NOW(), NOW()),
('bsu-s54', 'bsu', 'bsu-11', NULL, 'Социально-культурный менеджмент и коммуникации', '1-21 04 05', NOW(), NOW()),
('bsu-s55', 'bsu', 'bsu-11', NULL, 'Дизайн костюма и текстиля', '1-21 04 06', NOW(), NOW()),
('bsu-s56', 'bsu', 'bsu-11', NULL, 'Графический дизайн и мультимедиадизайн', '1-21 04 07', NOW(), NOW()),
('bsu-s57', 'bsu', 'bsu-11', NULL, 'Дизайн предметно-пространственной среды (сокращенная форма)', '1-21 04 08', NOW(), NOW()),
('bsu-s58', 'bsu', 'bsu-12', NULL, 'Журналистика', '1-21 03 01', NOW(), NOW()),
('bsu-s59', 'bsu', 'bsu-12', NULL, 'Реклама и связи с общественностью', '1-21 03 02', NOW(), NOW()),
('bsu-s60', 'bsu', 'bsu-12', NULL, 'Издательское дело', '1-21 03 03', NOW(), NOW()),
('bsu-s61', 'bsu', 'bsu-12', NULL, 'Медиакоммуникации', '1-21 03 04', NOW(), NOW()),
('bsu-s62', 'bsu', 'bsu-13', NULL, 'География', '1-31 02 01', NOW(), NOW()),
('bsu-s63', 'bsu', 'bsu-13', NULL, 'Геотехнологии туризма и экскурсионная деятельность', '1-31 02 02', NOW(), NOW()),
('bsu-s64', 'bsu', 'bsu-13', NULL, 'Гидрометеорология', '1-31 02 03', NOW(), NOW()),
('bsu-s65', 'bsu', 'bsu-13', NULL, 'Космоаэрокартография и геодезия', '1-31 02 04', NOW(), NOW()),
('bsu-s66', 'bsu', 'bsu-13', NULL, 'Геоэкология', '1-31 02 05', NOW(), NOW()),
('bsu-s67', 'bsu', 'bsu-13', NULL, 'Геология', '1-31 02 06', NOW(), NOW()),
('bsu-s68', 'bsu', 'bsu-13', NULL, 'Геоинформационные системы', '1-31 02 07', NOW(), NOW()),
('bsu-s69', 'bsu', 'bsu-13', NULL, 'Страноведение и переводческая деятельность', '1-31 02 08', NOW(), NOW()),
('bsu-s70', 'bsu', 'bsu-14', NULL, 'Философия', '1-21 05 01', NOW(), NOW()),
('bsu-s71', 'bsu', 'bsu-14', NULL, 'Социология', '1-21 05 02', NOW(), NOW()),
('bsu-s72', 'bsu', 'bsu-14', NULL, 'Психология', '1-21 05 03', NOW(), NOW()),
('bsu-s73', 'bsu', 'bsu-14', NULL, 'Социальные коммуникации', '1-21 05 04', NOW(), NOW()),
('bsu-s74', 'bsu', 'bsu-15', NULL, 'Геоинформационные системы (геоинформационные системы специальные)', '1-95 01 01', NOW(), NOW()),
('bsu-s75', 'bsu', 'bsu-15', NULL, 'Правоведение (юрисконсультская работа в военной сфере)', '1-95 01 02', NOW(), NOW()),
('bsu-s76', 'bsu', 'bsu-15', NULL, 'Радиационная, химическая и биологическая защита', '1-95 01 03', NOW(), NOW()),
('bsu-s77', 'bsu', 'bsu-15', NULL, 'Международные отношения (международные отношения в военной сфере)', '1-95 01 04', NOW(), NOW()),
('bsu-s78', 'bsu', 'bsu-15', NULL, 'Международные отношения (международные отношения в информационной сфере)', '1-95 01 05', NOW(), NOW()),
('bsu-s79', 'bsu', 'bsu-16', NULL, 'Математика', '1-31 03 04', NOW(), NOW()),
('bsu-s80', 'bsu', 'bsu-16', NULL, 'Механика и математическое моделирование', '1-31 03 05', NOW(), NOW()),
('bsu-s81', 'bsu', 'bsu-16', NULL, 'Математика и компьютерные науки', '1-31 03 06', NOW(), NOW()),
('bsu-s82', 'bsu', 'bsu-16', NULL, 'Компьютерная математика и системный анализ', '1-31 03 07', NOW(), NOW()),
('bsu-s83', 'bsu', NULL, 'bsu-i1', 'Бизнес-администрирование', '1-26 02 01', NOW(), NOW()),
('bsu-s84', 'bsu', NULL, 'bsu-i1', 'Логистика', '1-26 02 02', NOW(), NOW()),
('bsu-s85', 'bsu', NULL, 'bsu-i1', 'Управление информационными ресурсами', '1-26 02 03', NOW(), NOW()),
('bsu-s86', 'bsu', NULL, 'bsu-i1', 'Маркетинг', '1-26 02 04', NOW(), NOW()),
('bsu-s87', 'bsu', NULL, 'bsu-i2', 'Теология', '1-21 06 01', NOW(), NOW()),
('bsu-s88', 'bsu', NULL, 'bsu-i3', 'Медико-биологическое дело', '1-31 05 06', NOW(), NOW()),
('bsu-s89', 'bsu', NULL, 'bsu-i3', 'Экология', '1-31 01 08', NOW(), NOW()),
('bsu-s90', 'bsu', NULL, 'bsu-i3', 'Медицинская физика', '1-31 04 06', NOW(), NOW()),
('bsu-s91', 'bsu', NULL, 'bsu-i3', 'Информационные системы и технологии', '1-40 02 01', NOW(), NOW()),
('bsu-s92', 'bsu', NULL, 'bsu-i3', 'Природоохранная деятельность', '1-33 01 01', NOW(), NOW()),
('bsu-s93', 'bsu', NULL, 'bsu-i3', 'Ядерная и радиационная безопасность', '1-33 01 02', NOW(), NOW()),
('bsu-s94', 'bsu', NULL, 'bsu-i3', 'Теплоэнергетика и теплотехника', '1-43 01 01', NOW(), NOW()),
('bsu-s95', 'bsu', NULL, 'bsu-i4', 'Прикладная физика', '1-31 04 07', NOW(), NOW()),
('bsu-s96', 'bsu', NULL, 'bsu-i4', 'Мировая экономика', '1-25 01 15', NOW(), NOW()),
('bsu-s97', 'bsu', NULL, 'bsu-i4', 'Механика и математическое моделирование', '1-31 03 08', NOW(), NOW())
ON CONFLICT (id) DO UPDATE SET
  university_id = EXCLUDED.university_id,
  faculty_id = EXCLUDED.faculty_id,
  institute_id = EXCLUDED.institute_id,
  name = EXCLUDED.name,
  code = EXCLUDED.code,
  updated_at = NOW();

-- =====================================================
-- FACULTIES - БГУИР
-- =====================================================

INSERT INTO faculties (id, university_id, name, code, created_at, updated_at) VALUES
('bsuir-1', 'bsuir', 'Факультет компьютерного проектирования', 'ФКП', NOW(), NOW()),
('bsuir-2', 'bsuir', 'Факультет информационных технологий и управления', 'ФИТУ', NOW(), NOW()),
('bsuir-3', 'bsuir', 'Факультет радиотехники и электроники', 'ФРЭ', NOW(), NOW()),
('bsuir-4', 'bsuir', 'Факультет компьютерных систем и сетей', 'ФКСиС', NOW(), NOW()),
('bsuir-5', 'bsuir', 'Факультет информационной безопасности', 'ФИБ', NOW(), NOW()),
('bsuir-6', 'bsuir', 'Инженерно-экономический факультет', 'ИЭФ', NOW(), NOW()),
('bsuir-7', 'bsuir', 'Военный факультет', 'ВФ', NOW(), NOW()),
('bsuir-9', 'bsuir', 'Факультет доуниверситетской подготовки и профессиональной ориентации', 'ФДПиПО', NOW(), NOW())
ON CONFLICT (id) DO UPDATE SET
  university_id = EXCLUDED.university_id,
  name = EXCLUDED.name,
  code = EXCLUDED.code,
  updated_at = NOW();

-- =====================================================
-- INSTITUTES - БГУИР
-- =====================================================

INSERT INTO institutes (id, university_id, name, code, created_at, updated_at) VALUES
('bsuir-i1', 'bsuir', 'Институт информационных технологий', 'ИИТ', NOW(), NOW())
ON CONFLICT (id) DO UPDATE SET
  university_id = EXCLUDED.university_id,
  name = EXCLUDED.name,
  code = EXCLUDED.code,
  updated_at = NOW();

-- =====================================================
-- SPECIALTIES - БГУИР
-- =====================================================

INSERT INTO specialties (id, university_id, faculty_id, institute_id, name, code, created_at, updated_at) VALUES
('bsuir-s1', 'bsuir', 'bsuir-1', NULL, 'Информационные системы и технологии', '1-40 01 01', NOW(), NOW()),
('bsuir-s2', 'bsuir', 'bsuir-1', NULL, 'Компьютерная инженерия', '1-40 01 02', NOW(), NOW()),
('bsuir-s3', 'bsuir', 'bsuir-1', NULL, 'Программная инженерия', '1-40 01 03', NOW(), NOW()),
('bsuir-s4', 'bsuir', 'bsuir-1', NULL, 'Электронные системы и технологии', '1-40 01 04', NOW(), NOW()),
('bsuir-s5', 'bsuir', 'bsuir-1', NULL, 'Электронное машиностроение', '1-40 01 05', NOW(), NOW()),
('bsuir-s6', 'bsuir', 'bsuir-2', NULL, 'Информационные системы и технологии', '1-40 02 01', NOW(), NOW()),
('bsuir-s7', 'bsuir', 'bsuir-2', NULL, 'Искусственный интеллект', '1-40 02 02', NOW(), NOW()),
('bsuir-s8', 'bsuir', 'bsuir-2', NULL, 'Киберфизические системы', '1-40 02 03', NOW(), NOW()),
('bsuir-s9', 'bsuir', 'bsuir-2', NULL, 'Системы управления информацией', '1-40 02 04', NOW(), NOW()),
('bsuir-s10', 'bsuir', 'bsuir-2', NULL, 'Электронные системы и технологии', '1-40 02 05', NOW(), NOW()),
('bsuir-s11', 'bsuir', 'bsuir-3', NULL, 'Информационные и управляющие системы физических установок', '1-40 03 01', NOW(), NOW()),
('bsuir-s12', 'bsuir', 'bsuir-3', NULL, 'Инженерно-педагогическая деятельность', '1-40 03 02', NOW(), NOW()),
('bsuir-s13', 'bsuir', 'bsuir-3', NULL, 'Микро- и наноэлектроника', '1-40 03 03', NOW(), NOW()),
('bsuir-s14', 'bsuir', 'bsuir-3', NULL, 'Нанотехнологии и наноматериалы', '1-40 03 04', NOW(), NOW()),
('bsuir-s15', 'bsuir', 'bsuir-3', NULL, 'Радиосистемы и радиотехнологии', '1-40 03 05', NOW(), NOW()),
('bsuir-s16', 'bsuir', 'bsuir-4', NULL, 'Информатика и технологии программирования', '1-40 04 01', NOW(), NOW()),
('bsuir-s17', 'bsuir', 'bsuir-4', NULL, 'Компьютерная инженерия', '1-40 04 02', NOW(), NOW()),
('bsuir-s18', 'bsuir', 'bsuir-4', NULL, 'Программная инженерия', '1-40 04 03', NOW(), NOW()),
('bsuir-s19', 'bsuir', 'bsuir-5', NULL, 'Информационная безопасность', '1-40 05 01', NOW(), NOW()),
('bsuir-s20', 'bsuir', 'bsuir-5', NULL, 'Системы и сети инфокоммуникаций', '1-40 05 02', NOW(), NOW()),
('bsuir-s21', 'bsuir', 'bsuir-5', NULL, 'Сверхвысокочастотные системы', '1-40 05 03', NOW(), NOW()),
('bsuir-s22', 'bsuir', 'bsuir-6', NULL, 'Информационные системы и технологии', '1-40 06 01', NOW(), NOW()),
('bsuir-s23', 'bsuir', 'bsuir-6', NULL, 'Цифровой маркетинг', '1-40 06 02', NOW(), NOW()),
('bsuir-s24', 'bsuir', 'bsuir-6', NULL, 'Электронная экономика', '1-40 06 03', NOW(), NOW()),
('bsuir-s25', 'bsuir', 'bsuir-7', NULL, 'Радиосистемы и радиотехнологии', '1-40 07 01', NOW(), NOW()),
('bsuir-s26', 'bsuir', 'bsuir-7', NULL, 'Компьютерная инженерия', '1-40 07 02', NOW(), NOW()),
('bsuir-s27', 'bsuir', 'bsuir-7', NULL, 'Системы и сети инфокоммуникаций', '1-40 07 03', NOW(), NOW()),
('bsuir-s28', 'bsuir', 'bsuir-7', NULL, 'Информационная безопасность', '1-40 07 04', NOW(), NOW()),
('bsuir-s29', 'bsuir', NULL, 'bsuir-i1', 'Программное обеспечение информационных технологий', '1-40 08 01', NOW(), NOW()),
('bsuir-s30', 'bsuir', NULL, 'bsuir-i1', 'Информационные технологии и управление в технических системах', '1-40 08 02', NOW(), NOW()),
('bsuir-s31', 'bsuir', NULL, 'bsuir-i1', 'Вычислительные машины, системы и сети', '1-40 08 03', NOW(), NOW()),
('bsuir-s32', 'bsuir', NULL, 'bsuir-i1', 'Инженерно-психологическое обеспечение информационных технологий', '1-40 08 04', NOW(), NOW()),
('bsuir-s33', 'bsuir', NULL, 'bsuir-i1', 'Искусственный интеллект', '1-40 08 05', NOW(), NOW()),
('bsuir-s34', 'bsuir', NULL, 'bsuir-i1', 'Программная инженерия', '1-40 08 06', NOW(), NOW())
ON CONFLICT (id) DO UPDATE SET
  university_id = EXCLUDED.university_id,
  faculty_id = EXCLUDED.faculty_id,
  institute_id = EXCLUDED.institute_id,
  name = EXCLUDED.name,
  code = EXCLUDED.code,
  updated_at = NOW();

-- =====================================================
-- FACULTIES - БНТУ
-- =====================================================

INSERT INTO faculties (id, university_id, name, code, created_at, updated_at) VALUES
('bntu-1', 'bntu', 'Автотракторный факультет', 'АТФ', NOW(), NOW()),
('bntu-2', 'bntu', 'Факультет горного дела и инженерной экологии', 'ФГДиИЭ', NOW(), NOW()),
('bntu-3', 'bntu', 'Машиностроительный факультет', 'МСФ', NOW(), NOW()),
('bntu-4', 'bntu', 'Механико-технологический факультет', 'МТФ', NOW(), NOW()),
('bntu-5', 'bntu', 'Факультет маркетинга, менеджмента, предпринимательства', 'ФММП', NOW(), NOW()),
('bntu-6', 'bntu', 'Энергетический факультет', 'ЭнФ', NOW(), NOW()),
('bntu-7', 'bntu', 'Факультет информационных технологий и робототехники', 'ФИТР', NOW(), NOW()),
('bntu-8', 'bntu', 'Факультет технологий управления и гуманитаризации', 'ФТУГ', NOW(), NOW()),
('bntu-9', 'bntu', 'Инженерно-педагогический факультет', 'ИПФ', NOW(), NOW()),
('bntu-10', 'bntu', 'Факультет энергетического строительства', 'ФЭС', NOW(), NOW()),
('bntu-11', 'bntu', 'Архитектурный факультет', 'АФ', NOW(), NOW()),
('bntu-12', 'bntu', 'Строительный факультет', 'СФ', NOW(), NOW()),
('bntu-13', 'bntu', 'Приборостроительный факультет', 'ПСФ', NOW(), NOW()),
('bntu-14', 'bntu', 'Факультет транспортных коммуникаций', 'ФТК', NOW(), NOW()),
('bntu-15', 'bntu', 'Военно-технический факультет', 'ВТФ', NOW(), NOW()),
('bntu-16', 'bntu', 'Спортивно-технический факультет', 'СТФ', NOW(), NOW()),
('bntu-17', 'bntu', 'Филиал БНТУ, г. Солигорск', 'Солигорск', NOW(), NOW())
ON CONFLICT (id) DO UPDATE SET
  university_id = EXCLUDED.university_id,
  name = EXCLUDED.name,
  code = EXCLUDED.code,
  updated_at = NOW();

-- =====================================================
-- INSTITUTES - БНТУ
-- =====================================================

INSERT INTO institutes (id, university_id, name, code, created_at, updated_at) VALUES
('bntu-i1', 'bntu', 'Международный институт дистанционного образования', 'МИДО', NOW(), NOW())
ON CONFLICT (id) DO UPDATE SET
  university_id = EXCLUDED.university_id,
  name = EXCLUDED.name,
  code = EXCLUDED.code,
  updated_at = NOW();

-- =====================================================
-- SPECIALTIES - БНТУ
-- =====================================================

INSERT INTO specialties (id, university_id, faculty_id, institute_id, name, code, created_at, updated_at) VALUES
('bntu-s1', 'bntu', 'bntu-1', NULL, 'Промышленный дизайн. Дизайн транспортных средств', '6-05-0714-08', NOW(), NOW()),
('bntu-s2', 'bntu', 'bntu-1', NULL, 'Автомобили, тракторы, мобильные и технологические комплексы', '6-05-0715-03', NOW(), NOW()),
('bntu-s3', 'bntu', 'bntu-1', NULL, 'Гидропневмосистемы мобильных и технологических машин и оборудования', '6-05-0715-04', NOW(), NOW()),
('bntu-s4', 'bntu', 'bntu-1', NULL, 'Силовые установки', '6-05-0715-05', NOW(), NOW()),
('bntu-s5', 'bntu', 'bntu-1', NULL, 'Водные транспортные средства', '6-05-0715-06', NOW(), NOW()),
('bntu-s6', 'bntu', 'bntu-1', NULL, 'Эксплуатация наземных транспортных и технологических машин и комплексов', '6-05-0715-07', NOW(), NOW()),
('bntu-s7', 'bntu', 'bntu-1', NULL, 'Технологии транспортных процессов', '6-05-0715-10', NOW(), NOW()),
('bntu-s8', 'bntu', 'bntu-1', NULL, 'Эксплуатация дорожно-транспортной инфраструктуры', '6-05-0715-12', NOW(), NOW()),
('bntu-s9', 'bntu', 'bntu-1', NULL, 'Организация дорожного движения и транспортное планирование', '6-05-1041-01', NOW(), NOW()),
('bntu-s10', 'bntu', 'bntu-1', NULL, 'Транспортная логистика', '6-05-1042-01', NOW(), NOW()),
('bntu-s11', 'bntu', 'bntu-1', NULL, 'Инженерная экономика (Транспорт)', '6-05-0718-01', NOW(), NOW()),
('bntu-s12', 'bntu', 'bntu-2', NULL, 'Машины и оборудование для горнодобывающих производств', '7-07-0714-01', NOW(), NOW()),
('bntu-s13', 'bntu', 'bntu-2', NULL, 'Разработка месторождений полезных ископаемых', '7-07-0724-01', NOW(), NOW()),
('bntu-s14', 'bntu', 'bntu-2', NULL, 'Экологический аудит и обеспечение качества окружающей среды', '6-05-0716-10', NOW(), NOW()),
('bntu-s15', 'bntu', 'bntu-3', NULL, 'Автоматизация технологических процессов и производств', '6-05-0713-04', NOW(), NOW()),
('bntu-s16', 'bntu', 'bntu-3', NULL, 'Технология машиностроения, металлорежущие станки и инструменты', '6-05-0714-02', NOW(), NOW()),
('bntu-s17', 'bntu', 'bntu-3', NULL, 'Инженерная экономика (Бизнес-процессы промышленных предприятий)', '6-05-0718-01', NOW(), NOW()),
('bntu-s18', 'bntu', 'bntu-3', NULL, 'Инженерная экономика (Цифровое производство)', '6-05-0718-01', NOW(), NOW()),
('bntu-s19', 'bntu', 'bntu-4', NULL, 'Технологии высокотемпературной обработки металлов', '6-05-0714-01', NOW(), NOW()),
('bntu-s20', 'bntu', 'bntu-4', NULL, 'Инженерно-техническое проектирование и производство материалов и изделий из них', '6-05-0714-03', NOW(), NOW()),
('bntu-s21', 'bntu', 'bntu-5', NULL, 'Экономика и управление', '6-05-0311-02', NOW(), NOW()),
('bntu-s22', 'bntu', 'bntu-5', NULL, 'Бизнес-администрирование', '6-05-0412-02', NOW(), NOW()),
('bntu-s23', 'bntu', 'bntu-5', NULL, 'Маркетинг', '6-05-0412-04', NOW(), NOW()),
('bntu-s24', 'bntu', 'bntu-5', NULL, 'Информационные системы и технологии', '6-05-0611-01', NOW(), NOW()),
('bntu-s25', 'bntu', 'bntu-5', NULL, 'Оборудование и технологии упаковочного производства, торговли и экспозиционно-рекламных объектов', '6-05-0714-05', NOW(), NOW()),
('bntu-s26', 'bntu', 'bntu-5', NULL, 'Инженерная экономика (Инновационные проекты на промышленном предприятии)', '6-05-0718-01', NOW(), NOW()),
('bntu-s27', 'bntu', 'bntu-5', NULL, 'Инженерная экономика (Организация внешнеэкономической деятельности предприятия)', '6-05-0718-01', NOW(), NOW()),
('bntu-s28', 'bntu', 'bntu-5', NULL, 'Инженерная экономика (Управление дизайн-проектами на промышленном предприятии)', '6-05-0718-01', NOW(), NOW()),
('bntu-s29', 'bntu', 'bntu-6', NULL, 'Электроэнергетика и электротехника', '7-07-0712-01', NOW(), NOW()),
('bntu-s30', 'bntu', 'bntu-6', NULL, 'Теплоэнергетика и теплотехника', '7-07-0712-02', NOW(), NOW()),
('bntu-s31', 'bntu', 'bntu-6', NULL, 'Проектирование и эксплуатация атомных электрических станций', '7-07-0712-03', NOW(), NOW()),
('bntu-s32', 'bntu', 'bntu-6', NULL, 'Инженерная экономика (Электроэнергетика и теплоэнергетика)', '6-05-0718-01', NOW(), NOW()),
('bntu-s33', 'bntu', 'bntu-7', NULL, 'Информационные системы и технологии', '6-05-0611-01', NOW(), NOW()),
('bntu-s34', 'bntu', 'bntu-7', NULL, 'Программная инженерия', '6-05-0612-01', NOW(), NOW()),
('bntu-s35', 'bntu', 'bntu-7', NULL, 'Автоматизация технологических процессов и производств', '6-05-0713-04', NOW(), NOW()),
('bntu-s36', 'bntu', 'bntu-7', NULL, 'Робототехнические системы', '6-05-0713-05', NOW(), NOW()),
('bntu-s37', 'bntu', 'bntu-8', NULL, 'Экономика и управление', '6-05-0311-02', NOW(), NOW()),
('bntu-s38', 'bntu', 'bntu-8', NULL, 'Менеджмент', '6-05-0412-01', NOW(), NOW()),
('bntu-s39', 'bntu', 'bntu-8', NULL, 'Промышленный дизайн', '6-05-0714-08', NOW(), NOW()),
('bntu-s40', 'bntu', 'bntu-8', NULL, 'Оборудование и технологии вакуумной, компрессорной и низкотемпературной техники', '6-05-0714-06', NOW(), NOW()),
('bntu-s41', 'bntu', 'bntu-8', NULL, 'Инженерная экономика', '6-05-0718-01', NOW(), NOW()),
('bntu-s42', 'bntu', 'bntu-8', NULL, 'Таможенное дело', '6-05-1036-01', NOW(), NOW()),
('bntu-s43', 'bntu', 'bntu-8', NULL, 'Теплоэнергетика и теплотехника', '7-07-0712-02', NOW(), NOW()),
('bntu-s44', 'bntu', 'bntu-9', NULL, 'Оборудование и технологии вакуумной, компрессорной и низкотемпературной техники', '6-05-0714-06', NOW(), NOW()),
('bntu-s45', 'bntu', 'bntu-9', NULL, 'Инженерно-педагогическая деятельность', '6-05-0719-01', NOW(), NOW()),
('bntu-s46', 'bntu', 'bntu-10', NULL, 'Водные транспортные средства', '6-05-0715-06', NOW(), NOW()),
('bntu-s47', 'bntu', 'bntu-10', NULL, 'Строительство зданий и сооружений', '7-07-0732-01', NOW(), NOW()),
('bntu-s48', 'bntu', 'bntu-10', NULL, 'Инженерные сети, оборудование зданий и сооружений', '7-07-0732-02', NOW(), NOW()),
('bntu-s49', 'bntu', 'bntu-10', NULL, 'Инженерная экономика (Коммунальное и водное хозяйство)', '6-05-0718-01', NOW(), NOW()),
('bntu-s50', 'bntu', 'bntu-11', NULL, 'Архитектура', '7-07-0731-01', NOW(), NOW()),
('bntu-s51', 'bntu', 'bntu-11', NULL, 'Архитектурный дизайн', '7-07-0731-02', NOW(), NOW()),
('bntu-s52', 'bntu', 'bntu-12', NULL, 'Строительство зданий и сооружений', '7-07-0732-01', NOW(), NOW()),
('bntu-s53', 'bntu', 'bntu-12', NULL, 'Экспертиза и управление недвижимостью', '6-05-0732-02', NOW(), NOW()),
('bntu-s54', 'bntu', 'bntu-12', NULL, 'Инженерная экономика (Архитектура, строительство и экономика недвижимости)', '6-05-0718-01', NOW(), NOW()),
('bntu-s55', 'bntu', 'bntu-13', NULL, 'Метрология, стандартизация и контроль качества', '6-05-0716-01', NOW(), NOW()),
('bntu-s56', 'bntu', 'bntu-13', NULL, 'Информационно-измерительные приборы и системы', '6-05-0716-03', NOW(), NOW()),
('bntu-s57', 'bntu', 'bntu-13', NULL, 'Спортивная инженерия', '6-05-0716-02', NOW(), NOW()),
('bntu-s58', 'bntu', 'bntu-13', NULL, 'Оптико-электронная и лазерная техника', '6-05-0716-04', NOW(), NOW()),
('bntu-s59', 'bntu', 'bntu-13', NULL, 'Технические системы обеспечения безопасности', '6-05-0716-05', NOW(), NOW()),
('bntu-s60', 'bntu', 'bntu-13', NULL, 'Биомедицинская инженерия', '6-05-0716-06', NOW(), NOW()),
('bntu-s61', 'bntu', 'bntu-13', NULL, 'Микро- и наносистемная техника', '6-05-0716-08', NOW(), NOW()),
('bntu-s62', 'bntu', 'bntu-13', NULL, 'Технологии микросенсорных систем', '6-05-0716-09', NOW(), NOW()),
('bntu-s63', 'bntu', 'bntu-14', NULL, 'Эксплуатация наземных транспортных и технологических машин и комплексов', '6-05-0715-07', NOW(), NOW()),
('bntu-s64', 'bntu', 'bntu-14', NULL, 'Геодезия', '6-05-0731-01', NOW(), NOW()),
('bntu-s65', 'bntu', 'bntu-14', NULL, 'Строительство транспортных коммуникаций', '7-07-0732-03', NOW(), NOW()),
('bntu-s66', 'bntu', 'bntu-15', NULL, 'Экономика и управление (Финансовое обеспечение и экономика боевой и хозяйственной деятельности войск)', '6-05-0311-02', NOW(), NOW()),
('bntu-s67', 'bntu', 'bntu-15', NULL, 'Эксплуатация наземных транспортных и технологических машин и комплексов', '6-05-0715-07', NOW(), NOW()),
('bntu-s68', 'bntu', 'bntu-15', NULL, 'Строительство зданий и сооружений (Промышленное и военное строительство)', '7-07-0732-01', NOW(), NOW()),
('bntu-s69', 'bntu', 'bntu-16', NULL, 'Спортивная инженерия', '6-05-0716-02', NOW(), NOW()),
('bntu-s70', 'bntu', 'bntu-17', NULL, 'Машины и оборудование для горнодобывающих производств', '7-07-0714-01', NOW(), NOW()),
('bntu-s71', 'bntu', 'bntu-17', NULL, 'Разработка месторождений полезных ископаемых', '7-07-0724-01', NOW(), NOW()),
('bntu-s72', 'bntu', NULL, 'bntu-i1', 'Экономика и управление', '6-05-0311-02', NOW(), NOW()),
('bntu-s73', 'bntu', NULL, 'bntu-i1', 'Программная инженерия', '6-05-0612-01', NOW(), NOW())
ON CONFLICT (id) DO UPDATE SET
  university_id = EXCLUDED.university_id,
  faculty_id = EXCLUDED.faculty_id,
  institute_id = EXCLUDED.institute_id,
  name = EXCLUDED.name,
  code = EXCLUDED.code,
  updated_at = NOW();

-- =====================================================
-- FACULTIES - БГЭУ
-- =====================================================

INSERT INTO faculties (id, university_id, name, code, created_at, updated_at) VALUES
('bseu-1', 'bseu', 'Факультет экономики и менеджмента', 'ФЭиМ', NOW(), NOW()),
('bseu-2', 'bseu', 'Факультет финансов и банковского дела', 'ФФиБД', NOW(), NOW()),
('bseu-3', 'bseu', 'Учетно-экономический факультет', 'УЭФ', NOW(), NOW()),
('bseu-4', 'bseu', 'Факультет маркетинга и логистики', 'ФМиЛ', NOW(), NOW()),
('bseu-5', 'bseu', 'Факультет международных экономических отношений', 'ФМЭО', NOW(), NOW()),
('bseu-6', 'bseu', 'Факультет права', 'ФП', NOW(), NOW())
ON CONFLICT (id) DO UPDATE SET
  university_id = EXCLUDED.university_id,
  name = EXCLUDED.name,
  code = EXCLUDED.code,
  updated_at = NOW();

-- =====================================================
-- SPECIALTIES - БГЭУ
-- =====================================================

INSERT INTO specialties (id, university_id, faculty_id, institute_id, name, code, created_at, updated_at) VALUES
('bseu-s1', 'bseu', 'bseu-1', NULL, 'Государственное управление и экономика', '6-05-0414-03', NOW(), NOW()),
('bseu-s2', 'bseu', 'bseu-1', NULL, 'Менеджмент', '6-05-0412-01', NOW(), NOW()),
('bseu-s3', 'bseu', 'bseu-1', NULL, 'Национальная экономика', '6-05-0311-04', NOW(), NOW()),
('bseu-s4', 'bseu', 'bseu-1', NULL, 'Экономика и управление', '6-05-0311-02', NOW(), NOW()),
('bseu-s5', 'bseu', 'bseu-2', NULL, 'Бухгалтерский учет, анализ и аудит', '6-05-0411-01', NOW(), NOW()),
('bseu-s6', 'bseu', 'bseu-2', NULL, 'Финансы и кредит', '6-05-0411-02', NOW(), NOW()),
('bseu-s7', 'bseu', 'bseu-3', NULL, 'Бухгалтерский учет, анализ и аудит', '6-05-0411-01', NOW(), NOW()),
('bseu-s8', 'bseu', 'bseu-4', NULL, 'Логистика', '6-05-0412-03', NOW(), NOW()),
('bseu-s9', 'bseu', 'bseu-4', NULL, 'Маркетинг', '6-05-0412-04', NOW(), NOW()),
('bseu-s10', 'bseu', 'bseu-4', NULL, 'Рекламная деятельность', '6-05-0412-05', NOW(), NOW()),
('bseu-s11', 'bseu', 'bseu-5', NULL, 'Бизнес-администрирование', '6-05-0412-02', NOW(), NOW()),
('bseu-s12', 'bseu', 'bseu-5', NULL, 'Мировая экономика', '6-05-0311-03', NOW(), NOW()),
('bseu-s13', 'bseu', 'bseu-5', NULL, 'Экономика', '6-05-0311-01', NOW(), NOW()),
('bseu-s14', 'bseu', 'bseu-6', NULL, 'Правоведение', '6-05-0421-01', NOW(), NOW()),
('bseu-s15', 'bseu', 'bseu-7', NULL, 'Статистика', '6-05-0541-01', NOW(), NOW()),
('bseu-s16', 'bseu', 'bseu-7', NULL, 'Экономическая информатика', '6-05-0311-05', NOW(), NOW()),
('bseu-s17', 'bseu', 'bseu-7', NULL, 'Прикладная математика', '6-05-0533-09', NOW(), NOW()),
('bseu-s18', 'bseu', 'bseu-8', NULL, 'Коммерция', '6-05-0413-01', NOW(), NOW()),
('bseu-s19', 'bseu', 'bseu-8', NULL, 'Товароведение', '6-05-0413-02', NOW(), NOW()),
('bseu-s20', 'bseu', 'bseu-8', NULL, 'Экономика и управление', '6-05-0311-02', NOW(), NOW())
ON CONFLICT (id) DO UPDATE SET
  university_id = EXCLUDED.university_id,
  faculty_id = EXCLUDED.faculty_id,
  institute_id = EXCLUDED.institute_id,
  name = EXCLUDED.name,
  code = EXCLUDED.code,
  updated_at = NOW();

-- =====================================================
-- FACULTIES - БГМУ
-- =====================================================

INSERT INTO faculties (id, university_id, name, code, created_at, updated_at) VALUES
('bsmu-1', 'bsmu', 'Лечебный факультет', 'ЛФ', NOW(), NOW()),
('bsmu-2', 'bsmu', 'Медико-профилактический факультет', 'МПФ', NOW(), NOW()),
('bsmu-3', 'bsmu', 'Стоматологический факультет', 'СтомФ', NOW(), NOW()),
('bsmu-4', 'bsmu', 'Фармацевтический факультет', 'ФармФ', NOW(), NOW())
ON CONFLICT (id) DO UPDATE SET
  university_id = EXCLUDED.university_id,
  name = EXCLUDED.name,
  code = EXCLUDED.code,
  updated_at = NOW();

-- =====================================================
-- INSTITUTES - БГМУ
-- =====================================================

INSERT INTO institutes (id, university_id, name, code, created_at, updated_at) VALUES
('bsmu-i1', 'bsmu', 'Военно-медицинский институт', 'ВМИ', NOW(), NOW())
ON CONFLICT (id) DO UPDATE SET
  university_id = EXCLUDED.university_id,
  name = EXCLUDED.name,
  code = EXCLUDED.code,
  updated_at = NOW();

-- =====================================================
-- SPECIALTIES - БГМУ
-- =====================================================

INSERT INTO specialties (id, university_id, faculty_id, institute_id, name, code, created_at, updated_at) VALUES
('bsmu-s1', 'bsmu', 'bsmu-1', NULL, 'Лечебное дело', '7-07-0911-01', NOW(), NOW()),
('bsmu-s2', 'bsmu', 'bsmu-2', NULL, 'Медико-профилактическое дело', '7-07-0911-02', NOW(), NOW()),
('bsmu-s3', 'bsmu', 'bsmu-3', NULL, 'Стоматология', '7-07-0911-03', NOW(), NOW()),
('bsmu-s4', 'bsmu', 'bsmu-4', NULL, 'Фармация', '7-07-0912-01', NOW(), NOW()),
('bsmu-s5', 'bsmu', 'bsmu-5', NULL, 'Педиатрия', '7-07-0911-06', NOW(), NOW()),
('bsmu-s6', 'bsmu', NULL, 'bsmu-i1', 'Лечебное дело (военно-медицинское дело)', '7-07-0911-01', NOW(), NOW())
ON CONFLICT (id) DO UPDATE SET
  university_id = EXCLUDED.university_id,
  faculty_id = EXCLUDED.faculty_id,
  institute_id = EXCLUDED.institute_id,
  name = EXCLUDED.name,
  code = EXCLUDED.code,
  updated_at = NOW();

-- =====================================================
-- FACULTIES - БГПУ
-- =====================================================

INSERT INTO faculties (id, university_id, name, code, created_at, updated_at) VALUES
('bspu-1', 'bspu', 'Факультет дошкольного образования', 'ФДО', NOW(), NOW()),
('bspu-2', 'bspu', 'Факультет начального образования', 'ФНО', NOW(), NOW()),
('bspu-3', 'bspu', 'Исторический факультет', 'ИстФ', NOW(), NOW()),
('bspu-4', 'bspu', 'Филологический факультет', 'ФилФ', NOW(), NOW()),
('bspu-5', 'bspu', 'Физико-математический факультет', 'ФМФ', NOW(), NOW()),
('bspu-6', 'bspu', 'Факультет естествознания', 'ФЕ', NOW(), NOW()),
('bspu-7', 'bspu', 'Факультет физического воспитания', 'ФФВ', NOW(), NOW()),
('bspu-8', 'bspu', 'Факультет эстетического образования', 'ФЭО', NOW(), NOW()),
('bspu-9', 'bspu', 'Факультет социально-педагогических технологий', 'ФСПТ', NOW(), NOW())
ON CONFLICT (id) DO UPDATE SET
  university_id = EXCLUDED.university_id,
  name = EXCLUDED.name,
  code = EXCLUDED.code,
  updated_at = NOW();

-- =====================================================
-- INSTITUTES - БГПУ
-- =====================================================

INSERT INTO institutes (id, university_id, name, code, created_at, updated_at) VALUES
('bspu-i1', 'bspu', 'Институт психологии', 'ИП', NOW(), NOW()),
('bspu-i2', 'bspu', 'Институт инклюзивного образования', 'ИИО', NOW(), NOW()),
('bspu-i3', 'bspu', 'Институт повышения квалификации и переподготовки', 'ИПК', NOW(), NOW())
ON CONFLICT (id) DO UPDATE SET
  university_id = EXCLUDED.university_id,
  name = EXCLUDED.name,
  code = EXCLUDED.code,
  updated_at = NOW();

-- =====================================================
-- SPECIALTIES - БГПУ
-- =====================================================

INSERT INTO specialties (id, university_id, faculty_id, institute_id, name, code, created_at, updated_at) VALUES
('bspu-s1', 'bspu', NULL, 'bspu-i2', 'Специальное и инклюзивное образование', '7-07-0114-01', NOW(), NOW()),
('bspu-s2', 'bspu', NULL, 'bspu-i1', 'Психология', '6-05-0313-01', NOW(), NOW()),
('bspu-s3', 'bspu', 'bspu-3', NULL, 'Историческое образование', '6-05-0113-01', NOW(), NOW()),
('bspu-s4', 'bspu', 'bspu-1', NULL, 'Дошкольное образование', '6-05-0112-01', NOW(), NOW()),
('bspu-s5', 'bspu', 'bspu-6', NULL, 'Природоведческое образование (Биология и химия)', '6-05-0113-03', NOW(), NOW()),
('bspu-s6', 'bspu', 'bspu-6', NULL, 'Природоведческое образование (Биология и география)', '6-05-0113-03', NOW(), NOW()),
('bspu-s7', 'bspu', 'bspu-2', NULL, 'Начальное образование', '6-05-0112-02', NOW(), NOW()),
('bspu-s8', 'bspu', 'bspu-9', NULL, 'Социальная работа и консультирование', '6-05-0921-01', NOW(), NOW()),
('bspu-s9', 'bspu', 'bspu-9', NULL, 'Социально-педагогическое и психологическое образование', '6-05-0114-01', NOW(), NOW()),
('bspu-s10', 'bspu', 'bspu-7', NULL, 'Физическая культура', '6-05-1012-01', NOW(), NOW()),
('bspu-s11', 'bspu', 'bspu-7', NULL, 'Организация и управление физической культурой, спортом и туризмом', '6-05-1012-04', NOW(), NOW()),
('bspu-s12', 'bspu', 'bspu-8', NULL, 'Музыкальное образование', '6-05-0113-07', NOW(), NOW()),
('bspu-s13', 'bspu', 'bspu-8', NULL, 'Художественное образование', '6-05-0113-06', NOW(), NOW()),
('bspu-s14', 'bspu', 'bspu-4', NULL, 'Филологическое образование (Белорусский язык и литература)', '6-05-0113-02', NOW(), NOW()),
('bspu-s15', 'bspu', 'bspu-4', NULL, 'Филологическое образование (Белорусский язык и литература. Иностранный язык)', '6-05-0113-02', NOW(), NOW()),
('bspu-s16', 'bspu', 'bspu-4', NULL, 'Филологическое образование (Русский язык и литература)', '6-05-0113-02', NOW(), NOW()),
('bspu-s17', 'bspu', 'bspu-4', NULL, 'Филологическое образование (Русский язык и литература. Иностранный язык)', '6-05-0113-02', NOW(), NOW()),
('bspu-s18', 'bspu', 'bspu-5', NULL, 'Физико-математическое образование (Физика и информатика)', '6-05-0113-04', NOW(), NOW()),
('bspu-s19', 'bspu', 'bspu-5', NULL, 'Физико-математическое образование (Математика и информатика)', '6-05-0113-04', NOW(), NOW()),
('bspu-s20', 'bspu', 'bspu-5', NULL, 'Физико-математическое образование (Математика и физика)', '6-05-0113-04', NOW(), NOW())
ON CONFLICT (id) DO UPDATE SET
  university_id = EXCLUDED.university_id,
  faculty_id = EXCLUDED.faculty_id,
  institute_id = EXCLUDED.institute_id,
  name = EXCLUDED.name,
  code = EXCLUDED.code,
  updated_at = NOW();

-- =====================================================
-- FACULTIES - ГрГУ
-- =====================================================

INSERT INTO faculties (id, university_id, name, code, created_at, updated_at) VALUES
('grsu-1', 'grsu', 'Факультет физической культуры', 'ФФК', NOW(), NOW()),
('grsu-2', 'grsu', 'Факультет математики и информатики', 'ФМиИ', NOW(), NOW()),
('grsu-3', 'grsu', 'Физико-технический факультет', 'ФТФ', NOW(), NOW()),
('grsu-4', 'grsu', 'Инженерный факультет', 'ИФ', NOW(), NOW()),
('grsu-5', 'grsu', 'Факультет биологии и экологии', 'ФБиЭ', NOW(), NOW()),
('grsu-6', 'grsu', 'Факультет истории, коммуникации и туризма', 'ФИК', NOW(), NOW()),
('grsu-7', 'grsu', 'Юридический факультет', 'ЮФ', NOW(), NOW()),
('grsu-8', 'grsu', 'Факультет экономики и управления', 'ФЭиУ', NOW(), NOW()),
('grsu-9', 'grsu', 'Факультет психологии', 'ФП', NOW(), NOW()),
('grsu-10', 'grsu', 'Педагогический факультет', 'ПедФ', NOW(), NOW()),
('grsu-11', 'grsu', 'Факультет искусств и дизайна', 'ФИиД', NOW(), NOW())
ON CONFLICT (id) DO UPDATE SET
  university_id = EXCLUDED.university_id,
  name = EXCLUDED.name,
  code = EXCLUDED.code,
  updated_at = NOW();

-- =====================================================
-- SPECIALTIES - ГрГУ
-- =====================================================

INSERT INTO specialties (id, university_id, faculty_id, institute_id, name, code, created_at, updated_at) VALUES
('grsu-s1', 'grsu', 'grsu-1', NULL, 'Физическая культура', '1-03 02 01', NOW(), NOW()),
('grsu-s2', 'grsu', 'grsu-1', NULL, 'Спортивно-педагогическая деятельность (тренерская работа с указанием вида спорта)', '1-88 02 01-01', NOW(), NOW()),
('grsu-s3', 'grsu', 'grsu-1', NULL, 'Образование в области физической культуры', '6-05-0115-01', NOW(), NOW()),
('grsu-s4', 'grsu', 'grsu-1', NULL, 'Тренерская деятельность (с указанием вида спорта)', '6-05-1012-02', NOW(), NOW()),
('grsu-s5', 'grsu', 'grsu-2', NULL, 'Управление информационными ресурсами', '1-26 03 01', NOW(), NOW()),
('grsu-s6', 'grsu', 'grsu-2', NULL, 'Компьютерная безопасность (математические методы и программные системы)', '1-98 01 01-01', NOW(), NOW()),
('grsu-s7', 'grsu', 'grsu-2', NULL, 'Математика (научно-педагогическая деятельность)', '1-31 03 01-02', NOW(), NOW()),
('grsu-s8', 'grsu', 'grsu-2', NULL, 'Прикладная математика (научно-производственная деятельность)', '1-31 03 03-01', NOW(), NOW()),
('grsu-s9', 'grsu', 'grsu-2', NULL, 'Программное обеспечение информационных технологий', '1-40 01 01', NOW(), NOW()),
('grsu-s10', 'grsu', 'grsu-2', NULL, 'Искусственный интеллект', '1-40 03 01', NOW(), NOW()),
('grsu-s11', 'grsu', 'grsu-2', NULL, 'Управление информационными ресурсами', '6-05-0414-04', NOW(), NOW()),
('grsu-s12', 'grsu', 'grsu-2', NULL, 'Математика', '6-05-0533-06', NOW(), NOW()),
('grsu-s13', 'grsu', 'grsu-2', NULL, 'Прикладная математика', '6-05-0533-09', NOW(), NOW()),
('grsu-s14', 'grsu', 'grsu-2', NULL, 'Кибербезопасность', '6-05-0533-12', NOW(), NOW()),
('grsu-s15', 'grsu', 'grsu-2', NULL, 'Программная инженерия', '6-05-0612-01', NOW(), NOW()),
('grsu-s16', 'grsu', 'grsu-2', NULL, 'Искусственный интеллект', '6-05-0611-03', NOW(), NOW()),
('grsu-s17', 'grsu', 'grsu-3', NULL, 'Промышленные роботы и робототехнические комплексы', '1-53 01 06', NOW(), NOW()),
('grsu-s18', 'grsu', 'grsu-3', NULL, 'Техническая эксплуатация энергооборудования организаций', '1-43 01 07', NOW(), NOW()),
('grsu-s19', 'grsu', 'grsu-3', NULL, 'Физика (научно-педагогическая деятельность)', '1-31 04 01-03', NOW(), NOW()),
('grsu-s20', 'grsu', 'grsu-3', NULL, 'Компьютерная физика', '1-31 04 08', NOW(), NOW()),
('grsu-s21', 'grsu', 'grsu-3', NULL, 'Информационно-измерительная техника', '1-38 02 01', NOW(), NOW()),
('grsu-s22', 'grsu', 'grsu-3', NULL, 'Физика', '6-05-0533-01', NOW(), NOW()),
('grsu-s23', 'grsu', 'grsu-3', NULL, 'Компьютерная физика', '6-05-0533-04', NOW(), NOW()),
('grsu-s24', 'grsu', 'grsu-3', NULL, 'Робототехнические системы', '6-05-0713-05', NOW(), NOW()),
('grsu-s25', 'grsu', 'grsu-3', NULL, 'Информационно-измерительные приборы и системы', '6-05-0716-03', NOW(), NOW()),
('grsu-s26', 'grsu', 'grsu-3', NULL, 'Электроэнергетика и электротехника', '7-07-0712-01', NOW(), NOW()),
('grsu-s27', 'grsu', 'grsu-4', NULL, 'Теплогазоснабжение, вентиляция и охрана воздушного бассейна', '1-70 04 02', NOW(), NOW()),
('grsu-s28', 'grsu', 'grsu-4', NULL, 'Промышленное и гражданское строительство', '1-70 02 01', NOW(), NOW()),
('grsu-s29', 'grsu', 'grsu-4', NULL, 'Строительство зданий и сооружений', '7-07-0732-01', NOW(), NOW()),
('grsu-s30', 'grsu', 'grsu-4', NULL, 'Инженерные сети, оборудование зданий и сооружений', '7-07-0732-02', NOW(), NOW()),
('grsu-s31', 'grsu', 'grsu-4', NULL, 'Архитектура', '7-07-0731-01', NOW(), NOW()),
('grsu-s32', 'grsu', 'grsu-4', NULL, 'Транспортная логистика (автомобильный транспорт)', '1-27 02 01-01', NOW(), NOW()),
('grsu-s33', 'grsu', 'grsu-4', NULL, 'Техническая эксплуатация автомобилей', '1-37 01 06-01', NOW(), NOW()),
('grsu-s34', 'grsu', 'grsu-4', NULL, 'Оборудование и технологии высокоэффективных процессов обработки материалов', '1-36 01 04', NOW(), NOW()),
('grsu-s35', 'grsu', 'grsu-4', NULL, 'Электрический и автономный транспорт', '1-37 01 05', NOW(), NOW()),
('grsu-s36', 'grsu', 'grsu-4', NULL, 'Транспортная логистика', '6-05-1042-01', NOW(), NOW()),
('grsu-s37', 'grsu', 'grsu-4', NULL, 'Технология машиностроения, металлорежущие станки и инструменты', '6-05-0714-02', NOW(), NOW()),
('grsu-s38', 'grsu', 'grsu-4', NULL, 'Эксплуатация наземных транспортных и технологических машин и комплексов', '6-05-0715-07', NOW(), NOW()),
('grsu-s39', 'grsu', 'grsu-5', NULL, 'Биология (научно-педагогическая деятельность)', '1-31 01 01-02', NOW(), NOW()),
('grsu-s40', 'grsu', 'grsu-5', NULL, 'Биология (биотехнология)', '1-31 01 01-03', NOW(), NOW()),
('grsu-s41', 'grsu', 'grsu-5', NULL, 'Биохимия', '1-31 01 02', NOW(), NOW()),
('grsu-s42', 'grsu', 'grsu-5', NULL, 'Биоэкология', '1-33 01 01', NOW(), NOW()),
('grsu-s43', 'grsu', 'grsu-5', NULL, 'Производство продукции и организация общественного питания', '1-91 01 01', NOW(), NOW()),
('grsu-s44', 'grsu', 'grsu-5', NULL, 'Биология', '6-05-0511-01', NOW(), NOW()),
('grsu-s45', 'grsu', 'grsu-5', NULL, 'Биохимия', '6-05-0511-02', NOW(), NOW()),
('grsu-s46', 'grsu', 'grsu-5', NULL, 'Экология', '6-05-0521-01', NOW(), NOW()),
('grsu-s47', 'grsu', 'grsu-5', NULL, 'Фундаментальная и прикладная биотехнология', '7-07-0511-01', NOW(), NOW()),
('grsu-s48', 'grsu', 'grsu-5', NULL, 'Производство продукции и организация общественного питания', '6-05-0721-03', NOW(), NOW()),
('grsu-s49', 'grsu', 'grsu-5', NULL, 'Биоинженерия и биоинформатика', '6-05-0511-05', NOW(), NOW()),
('grsu-s50', 'grsu', 'grsu-6', NULL, 'Туризм и гостеприимство', '1-89 01 01', NOW(), NOW()),
('grsu-s51', 'grsu', 'grsu-6', NULL, 'Информация и коммуникация', '1-23 01 07', NOW(), NOW()),
('grsu-s52', 'grsu', 'grsu-6', NULL, 'Журналистика (аудиовизуальная)', '1-23 01 08-02', NOW(), NOW()),
('grsu-s53', 'grsu', 'grsu-6', NULL, 'Журналистика (веб-журналистика)', '1-23 01 08-03', NOW(), NOW()),
('grsu-s54', 'grsu', 'grsu-6', NULL, 'Лингвистическое обеспечение межкультурных коммуникаций (внешнеэкономические связи)', '1-23 01 02-05', NOW(), NOW()),
('grsu-s55', 'grsu', 'grsu-6', NULL, 'Лингвистическое обеспечение межкультурных коммуникаций (международный туризм)', '1-23 01 02-02', NOW(), NOW()),
('grsu-s56', 'grsu', 'grsu-6', NULL, 'История (отечественная и всеобщая)', '1-21 03 01-01', NOW(), NOW()),
('grsu-s57', 'grsu', 'grsu-6', NULL, 'История (археология)', '1-21 03 01-02', NOW(), NOW()),
('grsu-s58', 'grsu', 'grsu-6', NULL, 'Социология', '1-23 01 05', NOW(), NOW()),
('grsu-s59', 'grsu', 'grsu-6', NULL, 'История', '6-05-0222-01', NOW(), NOW()),
('grsu-s60', 'grsu', 'grsu-6', NULL, 'Журналистика', '6-05-0321-01', NOW(), NOW()),
('grsu-s61', 'grsu', 'grsu-6', NULL, 'Лингвистическое обеспечение межкультурной коммуникации (с указанием языков)', '6-05-0231-03', NOW(), NOW()),
('grsu-s62', 'grsu', 'grsu-6', NULL, 'Туризм и гостеприимство', '6-05-1013-01', NOW(), NOW()),
('grsu-s63', 'grsu', 'grsu-6', NULL, 'Социология', '6-05-0314-01', NOW(), NOW()),
('grsu-s64', 'grsu', 'grsu-6', NULL, 'Информация и коммуникация', '6-05-0321-02', NOW(), NOW()),
('grsu-s65', 'grsu', 'grsu-7', NULL, 'Таможенное дело', '1-96 01 01', NOW(), NOW()),
('grsu-s66', 'grsu', 'grsu-7', NULL, 'Международное право', '1-24 01 01', NOW(), NOW()),
('grsu-s67', 'grsu', 'grsu-7', NULL, 'Правоведение', '1-24 01 02', NOW(), NOW()),
('grsu-s68', 'grsu', 'grsu-7', NULL, 'Экономическое право', '1-24 01 03', NOW(), NOW()),
('grsu-s69', 'grsu', 'grsu-7', NULL, 'Правоведение', '6-05-0421-01', NOW(), NOW()),
('grsu-s70', 'grsu', 'grsu-7', NULL, 'Международное право', '6-05-0421-02', NOW(), NOW()),
('grsu-s71', 'grsu', 'grsu-7', NULL, 'Экономическое право', '6-05-0421-03', NOW(), NOW()),
('grsu-s72', 'grsu', 'grsu-7', NULL, 'Таможенное дело', '6-05-1036-01', NOW(), NOW()),
('grsu-s73', 'grsu', 'grsu-8', NULL, 'Информационные системы и технологии (в экономике)', '1-40 05 01-02', NOW(), NOW()),
('grsu-s74', 'grsu', 'grsu-8', NULL, 'Электронный маркетинг', '1-28 01 02', NOW(), NOW()),
('grsu-s75', 'grsu', 'grsu-8', NULL, 'Мировая экономика', '1-25 01 03', NOW(), NOW()),
('grsu-s76', 'grsu', 'grsu-8', NULL, 'Экономика и управление на предприятии', '1-25 01 07', NOW(), NOW()),
('grsu-s77', 'grsu', 'grsu-8', NULL, 'Финансы и кредит', '1-25 01 04', NOW(), NOW()),
('grsu-s78', 'grsu', 'grsu-8', NULL, 'Бухгалтерский учет, анализ и аудит', '6-05-0411-01', NOW(), NOW()),
('grsu-s79', 'grsu', 'grsu-8', NULL, 'Информационные системы и технологии', '6-05-0611-01', NOW(), NOW()),
('grsu-s80', 'grsu', 'grsu-8', NULL, 'Экономика и управление', '6-05-0311-02', NOW(), NOW()),
('grsu-s81', 'grsu', 'grsu-8', NULL, 'Мировая экономика', '6-05-0311-03', NOW(), NOW()),
('grsu-s82', 'grsu', 'grsu-8', NULL, 'Финансы и кредит', '6-05-0411-02', NOW(), NOW()),
('grsu-s83', 'grsu', 'grsu-8', NULL, 'Электронная экономика', '6-05-0611-04', NOW(), NOW()),
('grsu-s84', 'grsu', 'grsu-8', NULL, 'Менеджмент', '6-05-0412-01', NOW(), NOW()),
('grsu-s85', 'grsu', 'grsu-9', NULL, 'Психология', '1-23 01 04', NOW(), NOW()),
('grsu-s86', 'grsu', 'grsu-9', NULL, 'Практическая психология', '1-03 04 03', NOW(), NOW()),
('grsu-s87', 'grsu', 'grsu-9', NULL, 'Психология', '6-05-0313-01', NOW(), NOW()),
('grsu-s88', 'grsu', 'grsu-9', NULL, 'Социально-педагогическое и психологическое образование', '6-05-0114-01', NOW(), NOW()),
('grsu-s89', 'grsu', 'grsu-10', NULL, 'Логопедия', '1-03 03 01', NOW(), NOW()),
('grsu-s90', 'grsu', 'grsu-10', NULL, 'Олигофренопедагогика', '1-03 03 08', NOW(), NOW()),
('grsu-s91', 'grsu', 'grsu-10', NULL, 'Социальная и психолого-педагогическая помощь', '1-03 04 04', NOW(), NOW()),
('grsu-s92', 'grsu', 'grsu-10', NULL, 'Начальное образование', '1-01 02 01', NOW(), NOW()),
('grsu-s93', 'grsu', 'grsu-10', NULL, 'Дошкольное образование', '1-01 01 01', NOW(), NOW()),
('grsu-s94', 'grsu', 'grsu-10', NULL, 'Дошкольное образование', '6-05-0112-01', NOW(), NOW()),
('grsu-s95', 'grsu', 'grsu-10', NULL, 'Начальное образование', '6-05-0112-02', NOW(), NOW()),
('grsu-s96', 'grsu', 'grsu-10', NULL, 'Специальное и инклюзивное образование', '7-07-0114-01', NOW(), NOW()),
('grsu-s97', 'grsu', 'grsu-11', NULL, 'Дизайн (графический)', '1-19 01 01-03', NOW(), NOW()),
('grsu-s98', 'grsu', 'grsu-11', NULL, 'Дизайн (костюма и тканей)', '1-19 01 01-05', NOW(), NOW()),
('grsu-s99', 'grsu', 'grsu-11', NULL, 'Дизайн (виртуальной среды)', '1-19 01 01-06', NOW(), NOW()),
('grsu-s100', 'grsu', 'grsu-11', NULL, 'Изобразительное искусство и компьютерная графика', '1-03 01 03', NOW(), NOW()),
('grsu-s101', 'grsu', 'grsu-11', NULL, 'Музыкальное искусство и мировая художественная культура', '1-03 01 08', NOW(), NOW()),
('grsu-s102', 'grsu', 'grsu-11', NULL, 'Народное творчество (инструментальная музыка)', '1-18 01 01-02', NOW(), NOW()),
('grsu-s103', 'grsu', 'grsu-11', NULL, 'Графический дизайн и мультимедиадизайн', '6-05-0211-05', NOW(), NOW()),
('grsu-s104', 'grsu', 'grsu-11', NULL, 'Художественное образование', '6-05-0113-06', NOW(), NOW()),
('grsu-s105', 'grsu', 'grsu-11', NULL, 'Музыкальное образование', '6-05-0113-07', NOW(), NOW()),
('grsu-s106', 'grsu', 'grsu-11', NULL, 'Музыкальное народное инструментальное творчество', '6-05-0215-01', NOW(), NOW()),
('grsu-s107', 'grsu', 'grsu-12', NULL, 'Романо-германская филология (английская) (немецкая)', '1-21 05 06', NOW(), NOW()),
('grsu-s108', 'grsu', 'grsu-12', NULL, 'Русская филология (литературно-редакционная деятельность)', '1-21 05 02-01', NOW(), NOW()),
('grsu-s109', 'grsu', 'grsu-12', NULL, 'Русская филология (деловая коммуникация)', '1-21 05 02-03', NOW(), NOW()),
('grsu-s110', 'grsu', 'grsu-12', NULL, 'Белорусская филология (литературно-редакционная деятельность)', '1-21 05 01-01', NOW(), NOW()),
('grsu-s111', 'grsu', 'grsu-12', NULL, 'Белорусская филология (деловая коммуникация)', '1-21 05 01-03', NOW(), NOW()),
('grsu-s112', 'grsu', 'grsu-12', NULL, 'Современные иностранные языки (преподавание)', '1-21 06 01-01', NOW(), NOW()),
('grsu-s113', 'grsu', 'grsu-12', NULL, 'Современные иностранные языки (с указанием языков)', '6-05-0231-01', NOW(), NOW()),
('grsu-s114', 'grsu', 'grsu-12', NULL, 'Романо-германская филология', '6-05-0232-04', NOW(), NOW()),
('grsu-s115', 'grsu', 'grsu-12', NULL, 'Белорусская филология', '6-05-0232-01', NOW(), NOW()),
('grsu-s116', 'grsu', 'grsu-12', NULL, 'Русская филология', '6-05-0232-02', NOW(), NOW()),
('grsu-s117', 'grsu', 'grsu-13', NULL, 'Физическая подготовка военнослужащих', '1-88 01 04', NOW(), NOW()),
('grsu-s118', 'grsu', 'grsu-13', NULL, 'Тыловое обеспечение войск (продовольствием)', '1-95 01 03-02', NOW(), NOW()),
('grsu-s119', 'grsu', 'grsu-13', NULL, 'Тыловое обеспечение войск (вещевым имуществом)', '1-95 01 03-03', NOW(), NOW()),
('grsu-s120', 'grsu', 'grsu-13', NULL, 'Тыловое обеспечение войск', '6-05-1031-02', NOW(), NOW()),
('grsu-s121', 'grsu', 'grsu-13', NULL, 'Физическая культура', '6-05-1012-01', NOW(), NOW())
ON CONFLICT (id) DO UPDATE SET
  university_id = EXCLUDED.university_id,
  faculty_id = EXCLUDED.faculty_id,
  institute_id = EXCLUDED.institute_id,
  name = EXCLUDED.name,
  code = EXCLUDED.code,
  updated_at = NOW();

-- =====================================================
-- FACULTIES - ВГУ
-- =====================================================

INSERT INTO faculties (id, university_id, name, code, created_at, updated_at) VALUES
('vsu-1', 'vsu', 'Факультет химико-биологических и географических наук', 'ФХБиГН', NOW(), NOW()),
('vsu-2', 'vsu', 'Юридический факультет', 'ЮФ', NOW(), NOW()),
('vsu-3', 'vsu', 'Факультет физической культуры и спорта', 'ФФКиС', NOW(), NOW()),
('vsu-4', 'vsu', 'Факультет математики и информационных технологий', 'ФМіІТ', NOW(), NOW()),
('vsu-5', 'vsu', 'Факультет гуманитарного знания и коммуникаций', 'ФГЗіК', NOW(), NOW()),
('vsu-6', 'vsu', 'Художественно-графический факультет', 'ХГФ', NOW(), NOW())
ON CONFLICT (id) DO UPDATE SET
  university_id = EXCLUDED.university_id,
  name = EXCLUDED.name,
  code = EXCLUDED.code,
  updated_at = NOW();

-- =====================================================
-- SPECIALTIES - ВГУ
-- =====================================================

INSERT INTO specialties (id, university_id, faculty_id, institute_id, name, code, created_at, updated_at) VALUES
('vsu-s1', 'vsu', 'vsu-1', NULL, 'Микробиология', '6-05-0511-03', NOW(), NOW()),
('vsu-s2', 'vsu', 'vsu-1', NULL, 'Экология', '6-05-0521-01', NOW(), NOW()),
('vsu-s3', 'vsu', 'vsu-1', NULL, 'Природоведческое образование', '6-05-0113-03', NOW(), NOW()),
('vsu-s4', 'vsu', 'vsu-2', NULL, 'Правоведение', '6-05-0421-01', NOW(), NOW()),
('vsu-s5', 'vsu', 'vsu-2', NULL, 'Международное право', '6-05-0421-02', NOW(), NOW()),
('vsu-s6', 'vsu', 'vsu-3', NULL, 'Образование в области физической культуры', '6-05-0115-01', NOW(), NOW()),
('vsu-s7', 'vsu', 'vsu-3', NULL, 'Тренерская деятельность', '6-05-1012-02', NOW(), NOW()),
('vsu-s8', 'vsu', 'vsu-4', NULL, 'Информационные системы и технологии', '6-05-0611-01', NOW(), NOW()),
('vsu-s9', 'vsu', 'vsu-4', NULL, 'Прикладная информатика', '6-05-0611-02', NOW(), NOW()),
('vsu-s10', 'vsu', 'vsu-4', NULL, 'Прикладная математика', '6-05-0533-09', NOW(), NOW()),
('vsu-s11', 'vsu', 'vsu-4', NULL, 'Программная инженерия', '6-05-0612-01', NOW(), NOW()),
('vsu-s12', 'vsu', 'vsu-4', NULL, 'Физико-математическое образование', '6-05-0113-04', NOW(), NOW()),
('vsu-s13', 'vsu', 'vsu-4', NULL, 'Управление информационными ресурсами', '6-05-0414-04', NOW(), NOW()),
('vsu-s14', 'vsu', 'vsu-5', NULL, 'Лингвистическое обеспечение межкультурной коммуникации', '6-05-0231-03', NOW(), NOW()),
('vsu-s15', 'vsu', 'vsu-5', NULL, 'Романо-германская филология', '6-05-0232-04', NOW(), NOW()),
('vsu-s16', 'vsu', 'vsu-5', NULL, 'Белорусская филология', '6-05-0232-01', NOW(), NOW()),
('vsu-s17', 'vsu', 'vsu-5', NULL, 'Русская филология', '6-05-0232-02', NOW(), NOW()),
('vsu-s18', 'vsu', 'vsu-5', NULL, 'Историческое образование', '6-05-0113-01', NOW(), NOW()),
('vsu-s19', 'vsu', 'vsu-6', NULL, 'Дизайн', '6-05-0234-01', NOW(), NOW()),
('vsu-s20', 'vsu', 'vsu-6', NULL, 'Художественное образование', '6-05-0113-06', NOW(), NOW()),
('vsu-s21', 'vsu', 'vsu-6', NULL, 'Декоративно-прикладное искусство', '6-05-0236-01', NOW(), NOW()),
('vsu-s22', 'vsu', 'vsu-7', NULL, 'Психология', '6-05-0313-01', NOW(), NOW()),
('vsu-s23', 'vsu', 'vsu-7', NULL, 'Социально-педагогическое и психологическое образование', '6-05-0114-01', NOW(), NOW()),
('vsu-s24', 'vsu', 'vsu-7', NULL, 'Социальная работа', '6-05-0921-01', NOW(), NOW()),
('vsu-s25', 'vsu', 'vsu-8', NULL, 'Начальное образование', '6-05-0112-02', NOW(), NOW()),
('vsu-s26', 'vsu', 'vsu-8', NULL, 'Дошкольное образование', '6-05-0112-01', NOW(), NOW()),
('vsu-s27', 'vsu', 'vsu-8', NULL, 'Специальное и инклюзивное образование', '7-07-0114-01', NOW(), NOW()),
('vsu-s28', 'vsu', 'vsu-8', NULL, 'Музыкальное образование', '6-05-0113-07', NOW(), NOW())
ON CONFLICT (id) DO UPDATE SET
  university_id = EXCLUDED.university_id,
  faculty_id = EXCLUDED.faculty_id,
  institute_id = EXCLUDED.institute_id,
  name = EXCLUDED.name,
  code = EXCLUDED.code,
  updated_at = NOW();

-- =====================================================
-- FACULTIES - ПГУ
-- =====================================================

INSERT INTO faculties (id, university_id, name, code, created_at, updated_at) VALUES
('pgu-1', 'pgu', 'Инженерно-строительный факультет', 'ИСФ', NOW(), NOW()),
('pgu-2', 'pgu', 'Гуманитарный факультет', 'ГФ', NOW(), NOW()),
('pgu-3', 'pgu', 'Механико-технологический факультет', 'МТФ', NOW(), NOW()),
('pgu-4', 'pgu', 'Факультет компьютерных наук и электроники', 'ФКНиЭ', NOW(), NOW()),
('pgu-5', 'pgu', 'Факультет информационных технологий', 'ФИТ', NOW(), NOW())
ON CONFLICT (id) DO UPDATE SET
  university_id = EXCLUDED.university_id,
  name = EXCLUDED.name,
  code = EXCLUDED.code,
  updated_at = NOW();

-- =====================================================
-- SPECIALTIES - ПГУ
-- =====================================================

INSERT INTO specialties (id, university_id, faculty_id, institute_id, name, code, created_at, updated_at) VALUES
('pgu-s1', 'pgu', 'pgu-2', NULL, 'Дошкольное образование', '6-05-0112-01', NOW(), NOW()),
('pgu-s2', 'pgu', 'pgu-2', NULL, 'История', '6-05-0231-01', NOW(), NOW()),
('pgu-s3', 'pgu', 'pgu-2', NULL, 'Образование в области физической культуры', '6-05-1012-01', NOW(), NOW()),
('pgu-s4', 'pgu', 'pgu-2', NULL, 'Романо-германская филология', '6-05-0232-02', NOW(), NOW()),
('pgu-s5', 'pgu', 'pgu-2', NULL, 'Современные иностранные языки (английский, китайский)', '6-05-0232-03', NOW(), NOW()),
('pgu-s6', 'pgu', 'pgu-2', NULL, 'Современные иностранные языки (английский, немецкий)', '6-05-0232-03', NOW(), NOW()),
('pgu-s7', 'pgu', 'pgu-2', NULL, 'Социально-педагогическое и психологическое образование', '6-05-0114-01', NOW(), NOW()),
('pgu-s8', 'pgu', 'pgu-1', NULL, 'Архитектура', '7-07-0731-01', NOW(), NOW()),
('pgu-s9', 'pgu', 'pgu-1', NULL, 'Дизайн предметно-пространственной среды', '6-05-0722-01', NOW(), NOW()),
('pgu-s10', 'pgu', 'pgu-1', NULL, 'Инженерные сети, оборудование зданий и сооружений (Водоснабжение, водоотведение)', '7-07-0732-02', NOW(), NOW()),
('pgu-s11', 'pgu', 'pgu-1', NULL, 'Инженерные сети, оборудование зданий и сооружений (Теплогазоснабжение)', '7-07-0732-02', NOW(), NOW()),
('pgu-s12', 'pgu', 'pgu-1', NULL, 'Строительство зданий и сооружений', '7-07-0732-01', NOW(), NOW()),
('pgu-s13', 'pgu', 'pgu-3', NULL, 'Переработка нефти и газа и промышленный органический синтез', '6-05-0714-04', NOW(), NOW()),
('pgu-s14', 'pgu', 'pgu-3', NULL, 'Производство изделий на основе трехмерных технологий', '6-05-0722-05', NOW(), NOW()),
('pgu-s15', 'pgu', 'pgu-3', NULL, 'Технологические машины и оборудование', '6-05-0714-07', NOW(), NOW()),
('pgu-s16', 'pgu', 'pgu-3', NULL, 'Трубопроводный транспорт, хранение нефти и газа', '6-05-0715-09', NOW(), NOW()),
('pgu-s17', 'pgu', 'pgu-3', NULL, 'Эксплуатация наземных транспортных и технологических машин и комплексов', '6-05-0715-07', NOW(), NOW()),
('pgu-s18', 'pgu', 'pgu-5', NULL, 'Геодезия', '6-05-0731-01', NOW(), NOW()),
('pgu-s19', 'pgu', 'pgu-5', NULL, 'Информационные системы и технологии', '6-05-0611-01', NOW(), NOW()),
('pgu-s20', 'pgu', 'pgu-5', NULL, 'Компьютерная инженерия', '6-05-0612-04', NOW(), NOW()),
('pgu-s21', 'pgu', 'pgu-5', NULL, 'Программная инженерия', '6-05-0612-01', NOW(), NOW()),
('pgu-s22', 'pgu', 'pgu-4', NULL, 'Кибербезопасность', '6-05-0612-05', NOW(), NOW()),
('pgu-s23', 'pgu', 'pgu-4', NULL, 'Технологическое образование', '6-05-0113-05', NOW(), NOW()),
('pgu-s24', 'pgu', 'pgu-4', NULL, 'Электронные системы и технологии', '6-05-0713-02', NOW(), NOW()),
('pgu-s25', 'pgu', 'pgu-4', NULL, 'Электроэнергетика и электротехника', '7-07-0712-01', NOW(), NOW()),
('pgu-s26', 'pgu', 'pgu-6', NULL, 'Бухгалтерский учет, анализ и аудит', '6-05-0411-01', NOW(), NOW()),
('pgu-s27', 'pgu', 'pgu-6', NULL, 'Логистика', '6-05-0412-03', NOW(), NOW()),
('pgu-s28', 'pgu', 'pgu-6', NULL, 'Экономическая безопасность', '6-05-0413-03', NOW(), NOW()),
('pgu-s29', 'pgu', 'pgu-6', NULL, 'Электронная экономика', '6-05-0611-06', NOW(), NOW()),
('pgu-s30', 'pgu', 'pgu-7', NULL, 'Правоведение', '6-05-0421-01', NOW(), NOW()),
('pgu-s31', 'pgu', 'pgu-7', NULL, 'Таможенное дело', '6-05-1036-01', NOW(), NOW())
ON CONFLICT (id) DO UPDATE SET
  university_id = EXCLUDED.university_id,
  faculty_id = EXCLUDED.faculty_id,
  institute_id = EXCLUDED.institute_id,
  name = EXCLUDED.name,
  code = EXCLUDED.code,
  updated_at = NOW();

-- =====================================================
-- FACULTIES - ГГТУ
-- =====================================================

INSERT INTO faculties (id, university_id, name, code, created_at, updated_at) VALUES
('gstu-1', 'gstu', 'Энергетический факультет', 'ЭФ', NOW(), NOW()),
('gstu-2', 'gstu', 'Механико-технологический факультет', 'МТФ', NOW(), NOW()),
('gstu-3', 'gstu', 'Факультет автоматизированных и информационных систем', 'ФАИС', NOW(), NOW())
ON CONFLICT (id) DO UPDATE SET
  university_id = EXCLUDED.university_id,
  name = EXCLUDED.name,
  code = EXCLUDED.code,
  updated_at = NOW();

-- =====================================================
-- SPECIALTIES - ГГТУ
-- =====================================================

INSERT INTO specialties (id, university_id, faculty_id, institute_id, name, code, created_at, updated_at) VALUES
('gstu-s1', 'gstu', 'gstu-3', NULL, 'Автоматизация технологических процессов и производств', '6-05-0713-04', NOW(), NOW()),
('gstu-s2', 'gstu', 'gstu-1', NULL, 'Электроэнергетика и электротехника', '7-07-0712-01', NOW(), NOW()),
('gstu-s3', 'gstu', 'gstu-1', NULL, 'Теплоэнергетика и теплотехника', '7-07-0712-02', NOW(), NOW()),
('gstu-s4', 'gstu', 'gstu-2', NULL, 'Инженерно-техническое проектирование и производство', '6-05-0714-03', NOW(), NOW()),
('gstu-s5', 'gstu', 'gstu-4', NULL, 'Автомобили, тракторы, мобильные комплексы', '6-05-0715-03', NOW(), NOW()),
('gstu-s6', 'gstu', 'gstu-2', NULL, 'Производство изделий на основе трехмерных технологий', '6-05-0722-05', NOW(), NOW()),
('gstu-s7', 'gstu', 'gstu-3', NULL, 'Информационные системы и технологии', '6-05-0611-01', NOW(), NOW()),
('gstu-s8', 'gstu', 'gstu-3', NULL, 'Информатика и технологии программирования', '6-05-0612-02', NOW(), NOW()),
('gstu-s9', 'gstu', 'gstu-3', NULL, 'Системы управления информацией', '6-05-0612-03', NOW(), NOW()),
('gstu-s10', 'gstu', 'gstu-3', NULL, 'Электронные системы и технологии', '6-05-0713-02', NOW(), NOW()),
('gstu-s11', 'gstu', 'gstu-3', NULL, 'Робототехнические системы', '6-05-0713-05', NOW(), NOW()),
('gstu-s12', 'gstu', 'gstu-4', NULL, 'Технология машиностроения', '6-05-0714-02', NOW(), NOW()),
('gstu-s13', 'gstu', 'gstu-4', NULL, 'Гидропневмосистемы', '6-05-0715-04', NOW(), NOW()),
('gstu-s14', 'gstu', 'gstu-2', NULL, 'Разработка нефтяных и газовых месторождений', '7-07-0724-02', NOW(), NOW()),
('gstu-s15', 'gstu', 'gstu-5', NULL, 'Экономика и управление', '6-05-0311-02', NOW(), NOW()),
('gstu-s16', 'gstu', 'gstu-5', NULL, 'Цифровой маркетинг', '6-05-0611-07', NOW(), NOW()),
('gstu-s17', 'gstu', 'gstu-5', NULL, 'Инженерная экономика', '6-05-0718-01', NOW(), NOW())
ON CONFLICT (id) DO UPDATE SET
  university_id = EXCLUDED.university_id,
  faculty_id = EXCLUDED.faculty_id,
  institute_id = EXCLUDED.institute_id,
  name = EXCLUDED.name,
  code = EXCLUDED.code,
  updated_at = NOW();

-- =====================================================
-- FACULTIES - БГУИЯ
-- =====================================================

INSERT INTO faculties (id, university_id, name, code, created_at, updated_at) VALUES
('bsufl-1', 'bsufl', 'Факультет английского языка', 'ФАЯ', NOW(), NOW()),
('bsufl-2', 'bsufl', 'Факультет немецкого языка', 'ФНЯ', NOW(), NOW()),
('bsufl-3', 'bsufl', 'Факультет китайского языка и культуры', 'ФКЯК', NOW(), NOW()),
('bsufl-4', 'bsufl', 'Факультет романских языков', 'ФРЯ', NOW(), NOW())
ON CONFLICT (id) DO UPDATE SET
  university_id = EXCLUDED.university_id,
  name = EXCLUDED.name,
  code = EXCLUDED.code,
  updated_at = NOW();

-- =====================================================
-- SPECIALTIES - БГУИЯ
-- =====================================================

INSERT INTO specialties (id, university_id, faculty_id, institute_id, name, code, created_at, updated_at) VALUES
('bsufl-s1', 'bsufl', 'bsufl-1', NULL, 'Современные иностранные языки (Английский язык и второй иностранный)', '6-05-0232-03', NOW(), NOW()),
('bsufl-s2', 'bsufl', 'bsufl-1', NULL, 'Лингвистическое образование (Английский язык)', '6-05-0113-02', NOW(), NOW()),
('bsufl-s3', 'bsufl', 'bsufl-1', NULL, 'Цифровая лингвистика (Английский язык)', '6-05-0233-05', NOW(), NOW()),
('bsufl-s4', 'bsufl', 'bsufl-2', NULL, 'Современные иностранные языки (Немецкий язык и английский язык)', '6-05-0232-03', NOW(), NOW()),
('bsufl-s5', 'bsufl', 'bsufl-2', NULL, 'Лингвистическое образование (Немецкий язык)', '6-05-0113-02', NOW(), NOW()),
('bsufl-s6', 'bsufl', 'bsufl-2', NULL, 'Цифровая лингвистика (Немецкий язык)', '6-05-0233-05', NOW(), NOW()),
('bsufl-s7', 'bsufl', 'bsufl-3', NULL, 'Современные иностранные языки (Китайский язык и английский язык)', '6-05-0232-03', NOW(), NOW()),
('bsufl-s8', 'bsufl', 'bsufl-3', NULL, 'Лингвистическое образование (Китайский язык)', '6-05-0113-02', NOW(), NOW()),
('bsufl-s9', 'bsufl', 'bsufl-4', NULL, 'Современные иностранные языки (Французский язык и второй иностранный)', '6-05-0232-03', NOW(), NOW()),
('bsufl-s10', 'bsufl', 'bsufl-4', NULL, 'Современные иностранные языки (Испанский язык и второй иностранный)', '6-05-0232-03', NOW(), NOW()),
('bsufl-s11', 'bsufl', 'bsufl-4', NULL, 'Лингвистическое образование (Французский язык)', '6-05-0113-02', NOW(), NOW()),
('bsufl-s12', 'bsufl', 'bsufl-5', NULL, 'Лингвистическое обеспечение международных коммуникаций', '6-05-0234-01', NOW(), NOW()),
('bsufl-s13', 'bsufl', 'bsufl-5', NULL, 'Лингвистическое обеспечение межкультурных коммуникаций', '6-05-0234-02', NOW(), NOW()),
('bsufl-s14', 'bsufl', 'bsufl-6', NULL, 'Переводческое дело (Английский язык и второй иностранный язык)', '6-05-0233-01', NOW(), NOW()),
('bsufl-s15', 'bsufl', 'bsufl-6', NULL, 'Переводческое дело (Английский язык и итальянский язык)', '6-05-0233-01', NOW(), NOW())
ON CONFLICT (id) DO UPDATE SET
  university_id = EXCLUDED.university_id,
  faculty_id = EXCLUDED.faculty_id,
  institute_id = EXCLUDED.institute_id,
  name = EXCLUDED.name,
  code = EXCLUDED.code,
  updated_at = NOW();

-- =====================================================
-- FACULTIES - Академия МВД
-- =====================================================

INSERT INTO faculties (id, university_id, name, code, created_at, updated_at) VALUES
('amvd-1', 'amvd', 'Следственно-экспертный факультет', 'СЭФ', NOW(), NOW()),
('amvd-2', 'amvd', 'Уголовно-исполнительный факультет', 'УИФ', NOW(), NOW()),
('amvd-3', 'amvd', 'Факультет повышения квалификации', 'ФПК', NOW(), NOW()),
('amvd-4', 'amvd', 'Факультет криминальной милиции', 'ФКМ', NOW(), NOW()),
('amvd-5', 'amvd', 'Факультет права', 'ФП', NOW(), NOW())
ON CONFLICT (id) DO UPDATE SET
  university_id = EXCLUDED.university_id,
  name = EXCLUDED.name,
  code = EXCLUDED.code,
  updated_at = NOW();

-- =====================================================
-- SPECIALTIES - Академия МВД
-- =====================================================

INSERT INTO specialties (id, university_id, faculty_id, institute_id, name, code, created_at, updated_at) VALUES
('amvd-s1', 'amvd', 'amvd-7', NULL, 'Психология служебной деятельности', '6-05-0115-01', NOW(), NOW()),
('amvd-s2', 'amvd', 'amvd-1', NULL, 'Правоведение', '6-05-0421-01', NOW(), NOW()),
('amvd-s3', 'amvd', 'amvd-1', NULL, 'Судебные криминалистические экспертизы', '6-05-0421-03', NOW(), NOW()),
('amvd-s4', 'amvd', 'amvd-2', NULL, 'Правоведение', '6-05-0421-01', NOW(), NOW()),
('amvd-s5', 'amvd', 'amvd-4', NULL, 'Правоведение', '6-05-0421-01', NOW(), NOW()),
('amvd-s6', 'amvd', 'amvd-4', NULL, 'Экономическое право', '6-05-0421-02', NOW(), NOW()),
('amvd-s7', 'amvd', 'amvd-6', NULL, 'Правоведение', '6-05-0421-01', NOW(), NOW()),
('amvd-s8', 'amvd', 'amvd-3', NULL, 'Государственное управление и право', '6-05-0414-02', NOW(), NOW()),
('amvd-s9', 'amvd', 'amvd-3', NULL, 'Правоведение', '6-05-0421-01', NOW(), NOW()),
('amvd-s10', 'amvd', 'amvd-5', NULL, 'Правоведение', '6-05-0421-01', NOW(), NOW())
ON CONFLICT (id) DO UPDATE SET
  university_id = EXCLUDED.university_id,
  faculty_id = EXCLUDED.faculty_id,
  institute_id = EXCLUDED.institute_id,
  name = EXCLUDED.name,
  code = EXCLUDED.code,
  updated_at = NOW();

-- =====================================================
-- FACULTIES - БрГУ
-- =====================================================

INSERT INTO faculties (id, university_id, name, code, created_at, updated_at) VALUES
('brsu-1', 'brsu', 'Факультет естествознания', 'ФЕ', NOW(), NOW()),
('brsu-2', 'brsu', 'Филологический факультет', 'ФилФ', NOW(), NOW()),
('brsu-3', 'brsu', 'Юридический факультет', 'ЮФ', NOW(), NOW()),
('brsu-4', 'brsu', 'Исторический факультет', 'ИстФ', NOW(), NOW()),
('brsu-5', 'brsu', 'Физико-математический факультет', 'ФМФ', NOW(), NOW()),
('brsu-6', 'brsu', 'Факультет иностранных языков', 'ФИЯ', NOW(), NOW())
ON CONFLICT (id) DO UPDATE SET
  university_id = EXCLUDED.university_id,
  name = EXCLUDED.name,
  code = EXCLUDED.code,
  updated_at = NOW();

-- =====================================================
-- SPECIALTIES - БрГУ
-- =====================================================

INSERT INTO specialties (id, university_id, faculty_id, institute_id, name, code, created_at, updated_at) VALUES
('brsu-s1', 'brsu', 'brsu-1', NULL, 'Биология', '6-05-0211-01', NOW(), NOW()),
('brsu-s2', 'brsu', 'brsu-1', NULL, 'Химия', '6-05-0211-04', NOW(), NOW()),
('brsu-s3', 'brsu', 'brsu-2', NULL, 'Белорусская филология', '6-05-0232-01', NOW(), NOW()),
('brsu-s4', 'brsu', 'brsu-2', NULL, 'Русская филология', '6-05-0232-02', NOW(), NOW()),
('brsu-s5', 'brsu', 'brsu-3', NULL, 'Правоведение', '6-05-0421-01', NOW(), NOW()),
('brsu-s6', 'brsu', 'brsu-4', NULL, 'История', '6-05-0231-01', NOW(), NOW()),
('brsu-s7', 'brsu', 'brsu-5', NULL, 'Математика', '6-05-0211-01', NOW(), NOW()),
('brsu-s8', 'brsu', 'brsu-5', NULL, 'Физика', '6-05-0211-03', NOW(), NOW()),
('brsu-s9', 'brsu', 'brsu-5', NULL, 'Информатика', '6-05-0211-02', NOW(), NOW()),
('brsu-s10', 'brsu', 'brsu-6', NULL, 'Английский язык', '6-05-0232-03', NOW(), NOW()),
('brsu-s11', 'brsu', 'brsu-6', NULL, 'Немецкий язык', '6-05-0232-03', NOW(), NOW()),
('brsu-s12', 'brsu', 'brsu-7', NULL, 'Физическая культура и спорт', '6-05-1011-01', NOW(), NOW()),
('brsu-s13', 'brsu', 'brsu-8', NULL, 'Дошкольное образование', '6-05-0111-01', NOW(), NOW()),
('brsu-s14', 'brsu', 'brsu-8', NULL, 'Начальное образование', '6-05-0111-02', NOW(), NOW()),
('brsu-s15', 'brsu', 'brsu-8', NULL, 'Психология', '6-05-0115-01', NOW(), NOW())
ON CONFLICT (id) DO UPDATE SET
  university_id = EXCLUDED.university_id,
  faculty_id = EXCLUDED.faculty_id,
  institute_id = EXCLUDED.institute_id,
  name = EXCLUDED.name,
  code = EXCLUDED.code,
  updated_at = NOW();

-- =====================================================
-- FACULTIES - БГАА
-- =====================================================

INSERT INTO faculties (id, university_id, name, code, created_at, updated_at) VALUES
('bsaa-1', 'bsaa', 'Факультет гражданской авиации', 'ФГА', NOW(), NOW())
ON CONFLICT (id) DO UPDATE SET
  university_id = EXCLUDED.university_id,
  name = EXCLUDED.name,
  code = EXCLUDED.code,
  updated_at = NOW();

-- =====================================================
-- SPECIALTIES - БГАА
-- =====================================================

INSERT INTO specialties (id, university_id, faculty_id, institute_id, name, code, created_at, updated_at) VALUES
('bsaa-s1', 'bsaa', 'bsaa-1', NULL, 'Летная эксплуатация воздушных судов гражданской авиации', '6-05-1041-03', NOW(), NOW()),
('bsaa-s2', 'bsaa', 'bsaa-1', NULL, 'Техническая эксплуатация воздушных судов и средств', '6-05-0715-01', NOW(), NOW()),
('bsaa-s3', 'bsaa', 'bsaa-1', NULL, 'Организация воздушного движения', '6-05-1041-02', NOW(), NOW()),
('bsaa-s4', 'bsaa', 'bsaa-1', NULL, 'Авиационная электроника и автоматика', '6-05-0713-03', NOW(), NOW()),
('bsaa-s5', 'bsaa', 'bsaa-2', NULL, 'Лётная эксплуатация военных воздушных судов', '6-05-1041-04', NOW(), NOW()),
('bsaa-s6', 'bsaa', 'bsaa-2', NULL, 'Техническая эксплуатация авиационного оборудования', '6-05-0715-02', NOW(), NOW()),
('bsaa-s7', 'bsaa', 'bsaa-2', NULL, 'Эксплуатация аэродромов и воздушных трасс', '6-05-0715-04', NOW(), NOW())
ON CONFLICT (id) DO UPDATE SET
  university_id = EXCLUDED.university_id,
  faculty_id = EXCLUDED.faculty_id,
  institute_id = EXCLUDED.institute_id,
  name = EXCLUDED.name,
  code = EXCLUDED.code,
  updated_at = NOW();

-- =====================================================
-- FACULTIES - БГУКИ
-- =====================================================

INSERT INTO faculties (id, university_id, name, code, created_at, updated_at) VALUES
('bsuca-1', 'bsuca', 'Факультет культурологии и социально-культурной деятельности', 'ФКиСКД', NOW(), NOW()),
('bsuca-2', 'bsuca', 'Факультет художественной культуры', 'ФХК', NOW(), NOW()),
('bsuca-3', 'bsuca', 'Факультет музыкального и хореографического искусства', 'ФМХИ', NOW(), NOW())
ON CONFLICT (id) DO UPDATE SET
  university_id = EXCLUDED.university_id,
  name = EXCLUDED.name,
  code = EXCLUDED.code,
  updated_at = NOW();

-- =====================================================
-- SPECIALTIES - БГУКИ
-- =====================================================

INSERT INTO specialties (id, university_id, faculty_id, institute_id, name, code, created_at, updated_at) VALUES
('bsuca-s1', 'bsuca', 'bsuca-1', NULL, 'Культурология', '6-05-0236-01', NOW(), NOW()),
('bsuca-s2', 'bsuca', 'bsuca-1', NULL, 'Социально-культурная деятельность', '6-05-0236-02', NOW(), NOW()),
('bsuca-s3', 'bsuca', 'bsuca-1', NULL, 'Менеджмент социальных коммуникаций', '6-05-0236-03', NOW(), NOW()),
('bsuca-s4', 'bsuca', 'bsuca-2', NULL, 'Искусствоведение', '6-05-0236-04', NOW(), NOW()),
('bsuca-s5', 'bsuca', 'bsuca-2', NULL, 'Режиссура представлений и праздников', '6-05-0236-05', NOW(), NOW()),
('bsuca-s6', 'bsuca', 'bsuca-2', NULL, 'Актерское искусство', '6-05-0236-06', NOW(), NOW()),
('bsuca-s7', 'bsuca', 'bsuca-2', NULL, 'Декоративно-прикладное искусство', '6-05-0236-07', NOW(), NOW()),
('bsuca-s8', 'bsuca', 'bsuca-3', NULL, 'Музыкальное искусство', '6-05-0236-08', NOW(), NOW()),
('bsuca-s9', 'bsuca', 'bsuca-3', NULL, 'Хореографическое искусство', '6-05-0236-09', NOW(), NOW()),
('bsuca-s10', 'bsuca', 'bsuca-4', NULL, 'Библиотечно-информационная деятельность', '6-05-0236-10', NOW(), NOW()),
('bsuca-s11', 'bsuca', 'bsuca-4', NULL, 'Документоведение и информационное обеспечение', '6-05-0236-11', NOW(), NOW())
ON CONFLICT (id) DO UPDATE SET
  university_id = EXCLUDED.university_id,
  faculty_id = EXCLUDED.faculty_id,
  institute_id = EXCLUDED.institute_id,
  name = EXCLUDED.name,
  code = EXCLUDED.code,
  updated_at = NOW();

-- =====================================================
-- FACULTIES - БГУФК
-- =====================================================

INSERT INTO faculties (id, university_id, name, code, created_at, updated_at) VALUES
('bsups-1', 'bsups', 'Спортивно-педагогический факультет спортивных игр и единоборств', 'СПФ СИиЕ', NOW(), NOW()),
('bsups-2', 'bsups', 'Спортивно-педагогический факультет массовых видов спорта', 'СПФ МВС', NOW(), NOW()),
('bsups-3', 'bsups', 'Факультет оздоровительной физической культуры', 'ФОФК', NOW(), NOW()),
('bsups-4', 'bsups', 'Факультет менеджмента спорта, туризма и гостеприимства', 'ФМСТГ', NOW(), NOW())
ON CONFLICT (id) DO UPDATE SET
  university_id = EXCLUDED.university_id,
  name = EXCLUDED.name,
  code = EXCLUDED.code,
  updated_at = NOW();

-- =====================================================
-- INSTITUTES - БГУФК
-- =====================================================

INSERT INTO institutes (id, university_id, name, code, created_at, updated_at) VALUES
('bsups-i1', 'bsups', 'Институт менеджмента спорта и туризма', 'ИМСТ', NOW(), NOW())
ON CONFLICT (id) DO UPDATE SET
  university_id = EXCLUDED.university_id,
  name = EXCLUDED.name,
  code = EXCLUDED.code,
  updated_at = NOW();

-- =====================================================
-- SPECIALTIES - БГУФК
-- =====================================================

INSERT INTO specialties (id, university_id, faculty_id, institute_id, name, code, created_at, updated_at) VALUES
('bsups-s1', 'bsups', 'bsups-1', NULL, 'Физическая культура и спорт', '6-05-1011-01', NOW(), NOW()),
('bsups-s2', 'bsups', 'bsups-1', NULL, 'Спортивные игры', '6-05-1011-02', NOW(), NOW()),
('bsups-s3', 'bsups', 'bsups-1', NULL, 'Спортивные единоборства', '6-05-1011-03', NOW(), NOW()),
('bsups-s4', 'bsups', 'bsups-2', NULL, 'Физическая культура и спорт', '6-05-1011-01', NOW(), NOW()),
('bsups-s5', 'bsups', 'bsups-2', NULL, 'Спортивная подготовка', '6-05-1011-04', NOW(), NOW()),
('bsups-s6', 'bsups', 'bsups-3', NULL, 'Адаптивная физическая культура', '6-05-1011-05', NOW(), NOW()),
('bsups-s7', 'bsups', 'bsups-3', NULL, 'Физическая реабилитация', '6-05-1011-06', NOW(), NOW()),
('bsups-s8', 'bsups', 'bsups-4', NULL, 'Менеджмент спорта', '6-05-1011-07', NOW(), NOW()),
('bsups-s9', 'bsups', 'bsups-4', NULL, 'Туризм и гостеприимство', '6-05-1011-08', NOW(), NOW()),
('bsups-s10', 'bsups', NULL, 'bsups-i1', 'Менеджмент спорта', '6-05-1011-07', NOW(), NOW()),
('bsups-s11', 'bsups', NULL, 'bsups-i1', 'Туризм и гостеприимство', '6-05-1011-08', NOW(), NOW())
ON CONFLICT (id) DO UPDATE SET
  university_id = EXCLUDED.university_id,
  faculty_id = EXCLUDED.faculty_id,
  institute_id = EXCLUDED.institute_id,
  name = EXCLUDED.name,
  code = EXCLUDED.code,
  updated_at = NOW();

-- =====================================================
-- SPECIALTIES - Академия управления
-- =====================================================

INSERT INTO specialties (id, university_id, faculty_id, institute_id, name, code, created_at, updated_at) VALUES
('au-s1', 'au', NULL, NULL, 'Государственное управление и право', '6-05-0414-02', NOW(), NOW()),
('au-s2', 'au', NULL, NULL, 'Государственное управление и экономика', '6-05-0414-03', NOW(), NOW()),
('au-s3', 'au', NULL, NULL, 'Управление информационными ресурсами', '6-05-0611-01', NOW(), NOW())
ON CONFLICT (id) DO UPDATE SET
  university_id = EXCLUDED.university_id,
  faculty_id = EXCLUDED.faculty_id,
  institute_id = EXCLUDED.institute_id,
  name = EXCLUDED.name,
  code = EXCLUDED.code,
  updated_at = NOW();

